name,nameid
Bixente,44000
Lizarazu,44001
Casillas Fernández,44002
Casillas,44003
Nedvěd,44004
Hernández Creus,44005
Capdevila Méndez,44006
Capdevila,44007
Alonso Olano,44008
Xabi Alonso,44009
Fernando José,44010
Torres Sanz,44011
Fernando Torres,44012
Cagua,44013
Piero Andrés,44014
Matías Julián,44015
Melchior,44016
Romero Bernal,44017
Zozaya,44018
Rando,44019
Kaloč,44020
Roald,44021
Braudilio,44022
Boutsingkham,44023
Senny,44024
Poyraz,44025
Gessime,44026
Quevedo Barber,44027
Álex Quevedo,44028
Lutin,44029
Ashford,44030
Sha'mar,44031
Fer Romero,44032
Molina Arjona,44033
Antonio Molina,44034
Mota Infante,44035
Koke Mota,44036
Cellou,44037
Gijselhart,44038
Murrell,44039
Lindblom,44040
Busek,44041
Brandtman,44042
Motez,44043
Nourani,44044
Hatenboer,44045
Żuberek,44046
Sargeant,44047
Ajago,44048
Sipić,44049
Shavy,44050
Babicka,44051
Yaya,44052
Bran,44053
Sabobo Banda,44054
Rieper,44055
Portella,44056
LeFlore,44057
Pariano,44058
Beaudry,44059
Tahwildaran,44060
Momoko,44061
Tanikawa,44062
Viktória,44063
Shio,44064
Cartano,44065
Habroune,44066
Yegbe,44067
Harrack,44068
Reginaldo,44069
Mañas Buenadicha,44070
Aitor Mañas,44071
Ali Eren,44072
Ersungur,44073
Ibayi,44074
Crockford,44075
Tibe,44076
De Vlieger,44077
Anzor,44078
Mekvabishvili,44079
Barcellos,44080
Mats Leonard,44081
Brune,44082
Grafe,44083
Kimani,44084
Stewart-Baynes,44085
Arguigue Safsafi,44086
Orford,44087
Cabañas,44088
Castelle,44089
Allan Victor,44090
Oliveira Mota,44091
Allanzinho,44092
Frigerio,44093
Borisav,44094
Burmaz,44095
Goglichidze,44096
Djordjije,44097
Medenica,44098
Rupérez Urtasun,44099
Rupérez,44100
Aldaír,44101
Caputa Ferreira,44102
Aldaír Ferreira,44103
Serebe,44104
Ciubăncan,44105
Rottiers,44106
Tiago Júnior,44107
Lopes Gomes,44108
Tiago Gomes,44109
Kabeya,44110
Jashar,44111
Dema,44112
Pfaffenrot,44113
Grilo Azevedo,44114
Daniel Azevedo,44115
Mingotti,44116
Vinicius Mingotti,44117
Sidny,44118
Lopes Cabral,44119
Rebelo,44120
Hlynur Freyr,44121
Santos Lameira,44122
João Lameira,44123
Rušević,44124
Lungu-Bocean,44125
Sáenz Ezquerra,44126
Pablo Sáenz,44127
Loeck,44128
Răilean,44129
Dybdahl,44130
Bland,44131
Granaas,44132
Damjanovic,44133
Boiro,44134
Pérez Morillo,44135
Fer Pérez,44136
Estéban,44137
Lepaul,44138
Tales José,44139
Tales,44140
Italo Moreira,44141
Kelvin Giacobe,44142
Alves dos Santos,44143
Trindade Gonçalves,44144
Matheus Trindade,44145
Surdez,44146
Kuhinja,44147
Fedorco,44148
Reid-Brown,44149
Aznou,44150
Fahem,44151
Benaissa-Yahia,44152
Güreler,44153
Nuha,44154
Sten,44155
Reinkort,44156
Lilander,44157
Akinsanmiro,44158
Arboscello,44159
Mahamoud,44160
Côme,44161
Bianay Balcot,44162
Alieu Eybi,44163
Ciammaglichella,44164
Crompton,44165
Rafael Leonardo,44166
Dombroski Moreira,44167
Thiago Dombroski,44168
Adedeji-Sternberg,44169
Corsin,44170
Konietzke,44171
Dircssi,44172
Ngonzo,44173
Paloma,44174
Villamarinos,44175
Shillington,44176
Andriano,44177
Lebib,44178
Cramsdale,44179
Lisolajski,44180
Waweru,44181
Cailloce,44182
den Haan,44183
Stolz,44184
Vennegoor of Hess.,44185
de Rooij,44186
Birgül,44187
Sadikoglu,44188
Delph,44189
Loizos,44190
Loizou,44191
Madruga,44192
Inverso,44193
Graciano,44194
Ruben David,44195
David Martinez,44196
Oostenbrink,44197
Pelgander,44198
Elezi,44199
Aviander,44200
Wilma,44201
Forsblom,44202
Petris,44203
João Luiz,44204
Zohminghlua,44205
Ďuriš,44206
Fumagalli,44207
Kaio César,44208
Andrade Lima,44209
Vanlalrinchhana,44210
Sailo,44211
Lepcha,44212
Madambillath,44213
Abhijith,44214
Cris,44215
Sherpa,44216
Amosa,44217
Lalnundanga,44218
Wahengbam,44219
Triantafyllos,44220
Pasalidis,44221
Muteba,44222
Vinicius Nelson,44223
de Souza Zanocelo,44224
Vinicius Zanocelo,44225
Eliás,44226
Nemčík,44227
Attys,44228
Sidibeh,44229
Jethren,44230
Breyton,44231
Fougeu,44232
Meynadier,44233
Abat,44234
Aymbetov,44235
Hadj-Moussa,44236
Wätjen,44237
Kings,44238
Munashe,44239
Garananga,44240
Adu-Adjei,44241
Jimeno Felipe,44242
Gabri Jimeno,44243
Thaer,44244
Krouma,44245
Uneken,44246
Kinsey-Wellings,44247
Fredrick,44248
Anna Marika,44249
Bergman-Lundin,44250
Sola Gascón,44251
Javier Sola,44252
Anasmo,44253
Ørjasæter,44254
Lauton,44255
Lucas Rafael,44256
Gonçalves da Silva,44257
Lucas R.,44258
Sanvig,44259
Pittino,44260
Passador,44261
Raychev,44262
Fortes Chaves,44263
Gabriel Pec,44264
Pozzato,44265
Alesi,44266
Lins de Almeida,44267
Matheus Lins,44268
Kabić,44269
Birnir,44270
Snær Ingason,44271
Malick Junior,44272
Yalcouyé,44273
Eggert Aron,44274
Gomes Claudino,44275
Marlon Gomes,44276
Schewe,44277
Fidel Barajas,44278
Tammer,44279
Bany,44280
Bouly Junior,44281
Barovero,44282
Andrés Eduardo,44283
Andrés Fernández,44284
Andrés Fdez.,44285
J. Navas,44286
Cazorla González,44287
Santi Cazorla,44288
S. Cazorla,44289
Cuéllar Sacristán,44290
Iván Cuéllar,44291
Ramos García,44292
Sergio Ramos,44293
İnler,44294
Bantelicia,44295
Cristofer,44296
Candero,44297
Adanuy,44298
Oyerze,44299
Fuentoza,44300
Millados,44301
Cordeso,44302
Luis Pedro,44303
Garriazoz,44304
Isaias,44305
Modonza,44306
Currimila,44307
Carteldo,44308
Madrez,44309
Sarnida,44310
Dorlans,44311
Lanoas,44312
Rescondi,44313
Seldinarez,44314
Alcoraz,44315
Deroz,44316
Baredia,44317
Labran,44318
Edivaldo,44319
Sagal,44320
Aldanada,44321
Lopendañez,44322
Edher,44323
Albavera,44324
Oyanadir,44325
Nozomi,44326
Birones,44327
Ruvios,44328
Baedas,44329
Badamontes,44330
Giakumis,44331
Pardaneos,44332
Nery,44333
Scatopano,44334
Santerilone,44335
Garceson,44336
Briceldo,44337
Higuerrez,44338
Escuderos,44339
Davilo,44340
Corveto,44341
Parreses,44342
Muñezal,44343
Aldegrisa,44344
Naballoz,44345
Hascien,44346
Gamonales,44347
Galados,44348
Parediso,44349
Mercelán,44350
Iturrado,44351
Hernan,44352
Lemonez,44353
Andrero,44354
Perosas,44355
Evaldes,44356
Barresta,44357
Acorada,44358
Luis Alejandro,44359
Munesos,44360
Danteón,44361
Bosquedo,44362
Rueña,44363
Adánguiz,44364
Arandero,44365
Pandaña,44366
Deangelo,44367
Rolis,44368
Yesib,44369
Abridego,44370
Goldeiro,44371
Merraño,44372
Echagovia,44373
Dunavante,44374
Codesto,44375
Despredal,44376
Jose Antonio,44377
Ureyano,44378
Gustaldo,44379
Mansila,44380
Alonzo,44381
Huancañez,44382
Sendillas,44383
Barridos,44384
Crudelo,44385
Vendil,44386
Cestedo,44387
Salazores,44388
Manzaños,44389
Asterga,44390
Gairamos,44391
Sendiero,44392
Camura,44393
Sepulveño,44394
Inostros,44395
Amancio,44396
Sintena,44397
Baiva,44398
Busteño,44399
Tellero,44400
Grondoña,44401
Lagunares,44402
Verenas,44403
João Filipe,44404
J.Moutinho,44405
I. Rakitić,44406
E. Lamela,44407
Trejo JP,44408
Mackay Abad,44409
Ian Mackay,44410
Mackay D.L.,44411
Rukavytsya,44412
Zhang Ch.D.,44413
Zhang Ch.,44414
Rúben R.,44415
Liverani,44416
N.Amrabat,44417
Olazábal Paredes,44418
Jo Inge,44419
Anders K.,44420
A. K. Jacobsen,44421
Gylfi,44422
Adrien S.,44423
Perruchet Silva,44424
Adrien Silva,44425
Odion,44426
Ighalo,44427
Chester,44428
Nzonzi,44429
Tuia,44430
M. Wakaso,44431
Tino Costa,44432
Kashi,44433
Nkoulou,44434
Brosinski,44435
Dost,44436
Kodjia,44437
Esswein,44438
Nélson Miguel,44439
Castro Oliveira,44440
Nélson Oliveira,44441
N.Oliveira,44442
Eusepi,44443
Hoilett,44444
Guarrotxena Vallejo,44445
Guarrotxena,44446
V. Guaita,44447
Kolodziejczak,44448
Kolo,44449
Gerd,44450
Karl-Johan,44451
Johnsson,44452
L. Taylor,44453
Juvhel,44454
Tsoumou,44455
Bolly,44456
Ortuño .Y,44457
Théophile-Catherine,44458
Theophile,44459
van Basten,44460
Steer,44461
Marc M.,44462
Prib,44463
Yeni,44464
Ngbakoto,44465
Şahin-Radlinger,44466
Radlinger,44467
Destro,44468
Ruiz Torre,44469
Lepore,44470
Dumić,44471
Dumic,44472
Portillo Soler,44473
Forshaw,44474
Ulvestad,44475
Sánchez Ayala,44476
Daniel Ayala,44477
Marrone,44478
Ryan Isaac,44479
Mendes da Graça,44480
Ryan Mendes,44481
Andros,44482
Townsend SR.,44483
Mendez-Laing,44484
Giannelli,44485
Imbula,44486
Pajtim,44487
Kasami,44488
Makienok,44489
Josuha,44490
Simões Domingues,44491
Oxlade-Chamberlain,44492
Pajot,44493
Nampalys,44494
Marcelo H.,44495
Passos Carné,44496
Marcelo Carné,44497
Carné,44498
Ilja,44499
Nestorovski,44500
S. Gómez,44501
B. Forbes,44502
Roly,44503
Bonevacia,44504
Teodósio Mendes,44505
P. Mendes,44506
Beretta,44507
Mejías Osorio,44508
Mejías,44509
Heneghan,44510
Vinetot,44511
Słowik,44512
Slowik,44513
Kalas,44514
Přikryl,44515
Prikryl,44516
Tătărușanu,44517
Tatarusanu,44518
Faouzi,44519
Ghoulam,44520
Bičakčić,44521
Eysseric,44522
V.Eysseric,44523
Camporese,44524
Qasmi,44525
Stafylidis,44526
Bisoli,44527
Battocchio,44528
Sang Gi,44529
Min Sang Gi,44530
SangGi,44531
Lucas Michel,44532
Lucas Mendes,44533
Assombalonga,44534
Asso,44535
Mendes Andrade,44536
Zé Luís,44537
Ze Luis,44538
Trebel,44539
Kobylański,44540
Kobylanski,44541
Tjaronn,44542
M'Baye,44543
Mesa Quevedo,44544
Roque Mesa,44545
Vico Villegas,44546
Fede Vico,44547
F. Vico,44548
Trajkovski,44549
Arslanagic,44550
van de Streek,44551
Ole Kristian,44552
Selnæs,44553
Bum Soo,44554
Lee Bum Soo,44555
BumSoo,44556
Mackay-Steven,44557
I. Sánchez,44558
Igor Rossi,44559
I. Rossi,44560
Bouhenna,44561
Nastasić,44562
Vedran,44563
Celjak,44564
Nouha,44565
Dener,44566
Gomes Clemente,44567
Luckassen,44568
Gwion,44569
Eppel,44570
B. Montenegro,44571
Rodríguez Gorrín,44572
Alex Gorrín,44573
J. Willems,44574
McGeehan,44575
Helander,44576
Paik Sung Dong,44577
Alexy,44578
Bosetti,44579
Adorni,44580
Gülen,44581
Zenga,44582
Chow Tim,44583
Himmelmann,44584
van der Hart,44585
Łukasik,44586
Ahmed Asiri,44587
I.Zaied,44588
H.Shaian,44589
S. Mitrović,44590
M.Alfhaid,44591
Jeanvier,44592
Cimo,44593
Röcker,44594
Wurtz,44595
A.Mayuof,44596
Muwashar,44597
Mendes Rodrigues,44598
Garry Rodrigues,44599
Reagy,44600
Ofosu,44601
A. Hassan,44602
Raúl De Tomás,44603
Prietl,44604
Juan Fernando,44605
Castillejo,44606
Abusabaan,44607
Gießelmann,44608
Seong Uk,44609
Jin Seong Uk,44610
SeongUk,44611
Hallberg,44612
Alfahad,44613
Fossati,44614
Seok Ho,44615
Hwang Seok Ho,44616
G. Milanov,44617
Kodro,44618
Saveljich,44619
E. Saveljich,44620
Riza,44621
Durmisi,44622
Melgrati,44623
Kololli,44624
Gape,44625
Tabaković,44626
S.Almuwallad,44627
L.Marković,44628
López Menéndez,44629
Borja López,44630
Sisto JR.,44631
Toney,44632
Jefferson Jr.,44633
Mauk,44634
Jorrit,44635
Hendrix,44636
Min Hyeon,44637
Kong Min Hyeon,44638
MinHyeon,44639
Kyung Won,44640
Kwon Kyung Won,44641
Kyungwon,44642
Mario Jr.,44643
Chung Hyo,44644
Park Chung Hyo,44645
ChungHyo,44646
Park Ji Soo,44647
J.S. Park,44648
Yoon Pyung Gook,44649
Jo Sung Joon,44650
Sungjoon,44651
Cornwall,44652
Bonne,44653
Fankaty,44654
Harrop,44655
Traoré Diarra,44656
Adama Traoré,44657
Rijkaard,44658
F. Aguilar,44659
N. Freire,44660
Martin Hoel,44661
Hoel Andersen,44662
Mancuello,44663
F.Mancuello,44664
F. Angileri,44665
Gutiérrez González,44666
Carlos Gutiérrez,44667
C. Gutierrez,44668
Mehring,44669
Černych,44670
Keita Baldé,44671
Islamović,44672
Islamovic,44673
Monetti,44674
Gagliolo,44675
Letizia,44676
Capa Rodríguez,44677
Ander Capa,44678
Capa,44679
Pavičić,44680
Martins Podstawski,44681
Tomás Podstawski,44682
Podstawski,44683
A.J.Morales,44684
Pele,44685
C.Winck,44686
Di Chiara,44687
Threlkeld,44688
Gonçalves Pinto,44689
Mica Pinto,44690
Appindangoye,44691
I.Ndong,44692
Jose Pozo,44693
Nizic,44694
Fortes,44695
Lezzerini,44696
Simič,44697
Barberis,44698
Garate,44699
Georges-Kévin,44700
Nkoudou,44701
Diakhité,44702
Diakhite,44703
H. Traoré,44704
Tiemoué,44705
Janio Bikel,44706
Figueiredo da Silva,44707
Bikel,44708
Saracco,44709
Balboa,44710
Bersant,44711
E.Ponce,44712
L.Hernandez,44713
Moncini,44714
Mouritsen,44715
Andrés Felipe,44716
Lyes,44717
Houri,44718
Nuttall,44719
Kappel,44720
L.Kappel,44721
Díaz Mejía,44722
Kyoung Rok,44723
Choi Kyoung Rok,44724
Di Plácido,44725
Jiang Zh.P.,44726
Sun Zh.A.,44727
Mesenhöler,44728
R.Ramírez,44729
João Rafael,44730
Brito Teixeira,44731
J. Teixeira,44732
Chuky,44733
Yusuf E.,44734
Onurcan,44735
Guille Vallejo,44736
G. Vallejo,44737
Chimino,44738
Pacarada,44739
Knoflach,44740
Pett,44741
Bouchalakis,44742
Tutonda,44743
L. Ward,44744
Ekambi,44745
H. Martín,44746
P.Ricardo,44747
Tennai,44748
T.Watson,44749
Philipe,44750
Sampaio Azevedo,44751
Philipe Sampaio,44752
J. Otero,44753
Bonifacio,44754
Wang Sh.Ch.,44755
Li Sh.L.,44756
Lin Ch.Y.,44757
Yang Sh.Y.,44758
Liao Ch.J.,44759
Latouchent,44760
Passerini,44761
Bustinza Martínez,44762
Bustinza,44763
André Campos,44764
André Moreira,44765
A.Moreira,44766
M.Sylla,44767
Björkander,44768
Acampora,44769
Alharaajin,44770
H.Diallo,44771
Do Couto,44772
Brodić,44773
Fran Brodic,44774
Petriccione,44775
E.Bailly,44776
Contin,44777
Valls,44778
Negro,44779
Kamau,44780
de Sales Cabral,44781
Matheus Sales,44782
Al Saleh,44783
S. Al Saleh,44784
N.Pepe,44785
Li H.Y.,44786
S. Merino,44787
Andrenacci,44788
Cistana,44789
Ainley,44790
G. Martinez,44791
Franchescoli Souza,44792
Maulun,44793
Martinez M.,44794
Jiali,44795
Tang Jiali,44796
Erlandsson,44797
Katrina,44798
Gorry,44799
A. Remiro,44800
Bouhaddi,44801
Annaïg,44802
Butel,44803
Rafaelle Leone,44804
Carvalho Souza,44805
Rafaelle,44806
Gonçalves Abreu,44807
Fábio Abreu,44808
Steacy,44809
Canelo,44810
Min Gwang,44811
Jeon Min Gwang,44812
MinGwang,44813
Youngju,44814
Guanca,44815
Almamy,44816
Deybi,44817
J. Señé,44818
Anyiver,44819
Deli,44820
S. Deli,44821
K.Soni,44822
Pape Abou,44823
Eon Hak,44824
Ji Eon Hak,44825
EonHak,44826
Yi Seok,44827
Kim Yi Seok,44828
YiSeok,44829
Gregório Guzzo,44830
Raphael Guzzo,44831
R. Guzzo,44832
Maitane,44833
López Millán,44834
Esther Sullastres,44835
Nyambe,44836
Lajugie,44837
Engin,44838
Ahmet Engin,44839
Tahrat,44840
Gökhan Gül,44841
Görkem Sağlam,44842
Novais,44843
Dickmann,44844
Klünter,44845
Sprangler,44846
Gökhan Akkan,44847
Snorre Strand,44848
Strand Nilsen,44849
Rodrigo Cunha,44850
Pereira de Pinho,44851
Rodrigo Pinho,44852
R. Pinho,44853
Duverne,44854
Bardakcı,44855
L. Coulibaly,44856
Luperini,44857
Dioussé,44858
Tangil,44859
Carreonal,44860
Moguerna,44861
Perceval,44862
Macatt,44863
Souseña,44864
Baumer,44865
Cordián,44866
S. Bakis,44867
Affonso Sauerbeck,44868
Gustavo Sauer,44869
G.Sauer,44870
Estella Perri,44871
Lucas Perri,44872
Perri,44873
R. Sanches,44874
R.Manaj,44875
Denis-Will,44876
Ierardi,44877
F.Selemani,44878
M.Roman,44879
Patiño,44880
J. Patiño,44881
Fitzwater,44882
C. Johansson,44883
Poaty,44884
Hildeberto José,44885
Morgado Pereira,44886
Hildeberto Pereira,44887
Berto,44888
Donnellan,44889
Verrips,44890
O.Dembélé,44891
Tuanzebe,44892
Ramsland,44893
Thibang,44894
Phete,44895
Cafú Phete,44896
Prévot,44897
Murgia,44898
Saman,44899
Ghoddos,44900
Cy,44901
Yong Joon,44902
Heo Yong Joon,44903
YongJoon,44904
Hee Hoon,44905
Han Hee Hoon,44906
HeeHoon,44907
Chatziisaias,44908
Escales,44909
Carlos Ponck,44910
Ponck,44911
Peano,44912
Formiliano,44913
Andrigo,44914
Oliveira de Araujo,44915
Colombatto,44916
Kyu Baek,44917
Choi Kyu Baek,44918
KyuBaek,44919
Gao Zh.Y.,44920
Hyun Hun,44921
Kim Hyun Hun,44922
HyunHun,44923
Jung Un,44924
Hong Jung Un,44925
JungUn,44926
Han Xuan,44927
Han X.,44928
M. Smith,44929
Yamane,44930
Park Dong Jin,44931
DongJin,44932
Joon Ho,44933
Hong Joon Ho,44934
JoonHo,44935
Nayler,44936
Huang Zh.Y.,44937
Jorgie,44938
Sang Heon,44939
Lee Sang Heon,44940
SangHeon,44941
Mari José,44942
Si Woo,44943
Song Si Woo,44944
SiWoo,44945
Liu Sh.B.,44946
J.Lindgren,44947
Nijhuis,44948
S.Alakouch,44949
J.Morais,44950
Istúriz,44951
Funta,44952
Josafat,44953
Trigo,44954
Revillagigedo,44955
Caliado,44956
Dalise,44957
Castrofeito,44958
Massimiliano,44959
Mangraviti,44960
Bruijn,44961
Young Wook,44962
Cho Young Wook,44963
YoungWook,44964
Bruno Viana,44965
Willemen Da Silva,44966
Beryly,44967
Lubala,44968
Úmaro E.,44969
Jorko,44970
Jaílson,44971
Marques Siqueira,44972
Jailson,44973
Nikolic,44974
Lamkel Ze,44975
Jair Jr,44976
Edvinas,44977
Girdvainis,44978
Androutsos,44979
Canotto,44980
Hassan.J,44981
Reuven,44982
Niemeijer,44983
Y. En-Nesyri,44984
Alrubiae,44985
Zaid.M,44986
Al Shuayl,44987
Álvaro José,44988
Jiménez Guerrero,44989
Álvaro Jiménez,44990
Álvaro J.G.,44991
Matheus Antonio,44992
Souza Santos,44993
Matheus Pato,44994
M. Pato,44995
Adryelson,44996
Lima Silva,44997
A.Okumuş,44998
Sissako,44999
Benzar,45000
Marillat,45001
Cengiz Ünder,45002
E. Agyiri,45003
J.Gaspar,45004
Rendelo,45005
Soldivia,45006
Armán,45007
Rochedo,45008
Luis Evanio,45009
Conté,45010
Cabaco,45011
Erick C.,45012
Deon,45013
Kulenović,45014
Souleyman,45015
Achilleas,45016
Poungouras,45017
Latorre Viñals,45018
Bárbara Latorre,45019
Ishan,45020
Pandita,45021
L.Fomba,45022
Dorrio O.,45023
Klimala,45024
Schiappacasse,45025
Antonini Lui,45026
Antonini,45027
Fousseni,45028
F. Diabaté,45029
Merdji,45030
R. Alvarado,45031
Keidi Bare,45032
Colmán,45033
C. Colman,45034
Pourtau,45035
Pașcanu,45036
Pascanu,45037
Ambri,45038
Joon Soo,45039
Ahn Joon Soo,45040
Joonsoo,45041
Mamić,45042
Niță,45043
Nita,45044
Juan Bautista,45045
You Hyeon,45046
Lee You Hyeon,45047
YouHyeon,45048
Røjkjær,45049
Viðar Ari,45050
Jónsson,45051
Amaral Alves,45052
Marcos Vinicius,45053
Markao,45054
Suk Yong,45055
Son Suk Yong,45056
SukYong,45057
Puyol Saforcada,45058
Carles Puyol,45059
Puyol,45060
M. Johnston,45061
R. Becão,45062
Reis Pinto,45063
Alex Pinto,45064
Nascimento da Costa,45065
Gustavo Costa,45066
H.Akbunar,45067
Aylton Filipe,45068
Aylton Boa Morte,45069
Aylton,45070
Marc Cucurella,45071
Ayensa,45072
Madih,45073
Ingolitsch,45074
J. Gordon,45075
Célestine,45076
B. Soumaré,45077
Chen Zhao,45078
Chen ZH.,45079
Baden Frederiksen,45080
S.Alnabit,45081
Ko Myeong Seok,45082
F.Calero,45083
Joao Santos,45084
Tell,45085
Bin Shwayyi,45086
Bwomono,45087
Burke-Gilroy,45088
van de Looi,45089
Aaneba,45090
Kapı,45091
M.Kapı,45092
Rigoberto,45093
Sánchez Laborde,45094
Borja Sánchez,45095
Borja S.,45096
Demartini,45097
Kušej,45098
Lin L.Ch.,45099
Yang Sh.,45100
Wei Zh.,45101
Zhang H.Ch.,45102
Salcedo JR,45103
Sandra Hernández,45104
R. Brugué,45105
Radosavljević,45106
Lahne,45107
Rafa Leão,45108
Steinfeldt,45109
F. Gattoni,45110
Spano,45111
Pep Biel,45112
Mas Jaume,45113
Lotti,45114
Ahmed.A,45115
Ogiwara,45116
Almendra,45117
Eric Johana,45118
Omondi,45119
S. Córdova,45120
Al Shanqiti,45121
N.Borges,45122
S. Cibois,45123
F.Alrashidi,45124
O. Rey,45125
Aguado Méndez,45126
Thaller,45127
Yao J.Sh.,45128
Casseres,45129
Ćirković,45130
Jae Ik,45131
Lee Jae Ik,45132
JaeIk,45133
Šušnjar,45134
I. Kone,45135
Tae Joon,45136
Park Tae Joon,45137
TaeJoon,45138
Wang Ch.,45139
M.Alrashidi,45140
Jun Bum,45141
Kim Jun Bum,45142
JunBum,45143
Leliendal,45144
P. Martínez,45145
Tallig,45146
Óscar V.,45147
B. Diaby,45148
El Kaabi,45149
Barbosa Vieites,45150
Fran Vieites,45151
F. Vieites,45152
M'Bakata,45153
Tiéhi,45154
Silvester,45155
van der Water,45156
Driess,45157
Saddiki,45158
D.Saddiki,45159
Batista.M,45160
Sgarbi,45161
Vrousai,45162
J. González,45163
Fuzato,45164
Rudko,45165
Harouna,45166
Josepablo,45167
Wenssens,45168
Ávila Gordón,45169
Pipa,45170
M.Marius,45171
Goden,45172
Nazariy,45173
Rusyn,45174
Carlos V.,45175
Sebas,45176
Zhu Ch.J.,45177
Zhou J.Ch.,45178
Li Sh.Y.,45179
González J.,45180
Debrah,45181
F. Russo,45182
Fernández Blanco,45183
Juan Ibiza,45184
Igor Matheus,45185
Liziero Pereira,45186
Liziero,45187
Gaich,45188
Yazed,45189
Najjar,45190
Aldakhil,45191
M.Morro,45192
Baroan,45193
Altambakti,45194
Denić,45195
Denic,45196
Draguş,45197
Momiki,45198
Mukandi,45199
Despodov,45200
Teague,45201
Adebayo-Smith,45202
Sváček,45203
Jhegson,45204
Jhegson Méndez,45205
Mamengi,45206
Näis,45207
Djouahra,45208
R. López,45209
Kyeremateng,45210
C. Huerta,45211
Aidonis,45212
Tanasijević,45213
Tanasijevic,45214
Eliana,45215
Stábile,45216
Fadiga,45217
N.Fadiga,45218
Ramón Parra,45219
Pablo Ramón,45220
Delgado Guerrero,45221
Han-Noah,45222
Massengo,45223
Cozzani,45224
E. Brock,45225
Wang J.H.,45226
Astley,45227
Lubambo,45228
Ihattaren,45229
Khalfan,45230
M. Khalfan,45231
Louka,45232
Prip,45233
Mengwen,45234
Li Mengwen,45235
A.Espino,45236
N. Hernandez,45237
Vigo,45238
Jr. Brumado,45239
Trey,45240
Muse,45241
Mouanga,45242
Haruya,45243
A. Sola,45244
Chengshu,45245
Wu Chengshu,45246
Gembalies,45247
Rikako,45248
Stople,45249
Niga,45250
Burca,45251
Loránd,45252
Paracho,45253
Casap,45254
Berg Johnsen,45255
S.Chakrabarti,45256
Yuel,45257
Semboi,45258
Haokip,45259
Taferner,45260
Joon Suk,45261
Lee Joon Suk,45262
JoonSuk,45263
Al.Ghannam,45264
C. Smith,45265
Weik,45266
Bîrzu,45267
Hyeon Gyu,45268
Oh Hyeon Gyu,45269
Ngalina,45270
Riko,45271
Ueki,45272
M. Diaby,45273
Wely,45274
H. Fernández,45275
L.Watson,45276
Zambrotta,45277
Bessile,45278
Szczepański,45279
Bertaccini,45280
Choi Jun,45281
Erjiaduo,45282
De Erjiaduo,45283
De R.J.D.,45284
Raitanen,45285
T. Coulibaly,45286
Struski,45287
A. Schmidt,45288
Hottmann,45289
G.Shelvey,45290
T.Thomas,45291
Siemen,45292
Voet,45293
Saghiri,45294
Abubakari,45295
Kang Guk,45296
Kim Kang Guk,45297
KangGuk,45298
Jaly,45299
Mouaddib,45300
Jéan,45301
Belehouan,45302
Monge,45303
Fiabema,45304
S.Alabbas,45305
Huard,45306
Wearne,45307
Marques Gonçalves,45308
Jota Gonçalves,45309
Olagunju,45310
SangHyuk,45311
Sang Jun,45312
Kim Sang Jun,45313
SangJun,45314
Rödin,45315
M.Alghamdi,45316
Starbuck,45317
Moreno Meca,45318
César Moreno,45319
Bertagnoli,45320
Belić,45321
Félix Alexandre,45322
A. Sanches Correia,45323
Félix Correia,45324
Haithem,45325
Loucif,45326
Almohaeemid,45327
L. Cabral,45328
F. Romero,45329
Bellolio,45330
Colaço,45331
Oko-Flex,45332
Liang Sh.W.,45333
Xu Wu,45334
Xu W.,45335
Dickson-Peters,45336
Germán F.,45337
Yvo,45338
Calleros,45339
Y. Calleros,45340
C.Campbell,45341
Nilton,45342
Varela Lopes,45343
Nilton Varela,45344
N. Varela,45345
Căpușă,45346
Capusa,45347
Moulden,45348
Diliberto,45349
Reinhart,45350
Spenhay,45351
Unuvar,45352
Shkuryn,45353
Gozálbez,45354
Yuito,45355
Jellis,45356
Florián,45357
Suslov,45358
Ó. Clemente,45359
Javi M.C.,45360
Iloski,45361
Candia,45362
Costa do Nascimento,45363
Ferddy,45364
Pedro Victor,45365
Delmino da Silva,45366
Campisi,45367
N. Campisi,45368
Kyung Bae,45369
Park Kyung Bae,45370
Kyungbae,45371
Yvann,45372
Maçon,45373
Han Min,45374
Jung Han Min,45375
HanMin,45376
Kim Ju Hwan,45377
JuHwan,45378
Olden Larsen,45379
Pecile,45380
Gorzel,45381
C. Lucena,45382
Lungoyi,45383
E. Cascarino,45384
Giacopuzzi,45385
Zenobio,45386
Di Serio,45387
Gullan,45388
Papetti,45389
Alves de Barros,45390
Robson Bambu,45391
Bambu,45392
Tounekti,45393
Ji Moog,45394
Choi Ji Moog,45395
Jimoog,45396
Petroli,45397
Facundo Agustín,45398
Caseres,45399
Bernedo,45400
Auklend,45401
Luis Henrique,45402
Tomaz de Lima,45403
Josias,45404
Lukembila,45405
Lars Erik,45406
Sødal,45407
Schneller,45408
Bozdogan,45409
Ndicka Matam,45410
Hewlett,45411
M. Camus,45412
Wiggett,45413
Elkær,45414
Gourna-Douath,45415
Iwo,45416
Kaczmarski,45417
Laurs,45418
Skjellerup,45419
López Kaleniuk,45420
Mvoué,45421
Mvoue,45422
Wang Zh.A.,45423
Fredrik Carson,45424
Moreno Taboada,45425
Pablo Moreno,45426
Krisztofer,45427
Jaume Albert,45428
Cuéllar Mendoza,45429
Jaume Cuéllar,45430
Turda,45431
P. Pokorný,45432
Mannhardt,45433
Mindombe,45434
Ä. Blesa,45435
M. Dupuy,45436
Trinidad,45437
F. Trinidad,45438
Sergio Daniel,45439
Juarez,45440
Nongdamba,45441
Naorem,45442
Bakhtiyor,45443
Zainutdinov,45444
Alberto Miguel,45445
Quintana Moreno,45446
Varga K.,45447
da Cruz Oliveira,45448
Lucas Oliveira,45449
Jabbari,45450
Owura,45451
Reis Lima,45452
Nuno Lima,45453
Thibaud,45454
J. Fontán,45455
Luamba,45456
Jesaja,45457
Crespi,45458
A.Fortuño,45459
Jianbo,45460
Zhao Jianbo,45461
Zhao J.B.,45462
Guo Tong,45463
Guo T.,45464
Jhoanner,45465
Trazié,45466
Mingi,45467
Pereira da Costa,45468
Aref,45469
Al Haider,45470
Badamosi,45471
Endri,45472
Çekiçi,45473
Bajamich,45474
Muamer,45475
Brajanac,45476
Salihovic,45477
Vianello,45478
João Lucas,45479
de Souza Cardoso,45480
Johnny Cardoso,45481
Astudillo,45482
Chituru,45483
Odunze,45484
Yusuf Barasi,45485
Yankov,45486
Yianni,45487
Nicolaou,45488
Efraín,45489
J. Castillo,45490
M. Paredes,45491
Telasco,45492
K. Smith,45493
Delvalle,45494
Enzo G.,45495
Monlouis,45496
Carabali F.,45497
Akimoto,45498
Roger Junio,45499
Rodrigues Figueira,45500
Roger Jr.,45501
Zouhir,45502
Hyun Jun,45503
Yang Hyun Jun,45504
Perruzza,45505
Olzer,45506
Rawlins,45507
Amay,45508
Morajkar,45509
O. Campos,45510
Ali Kaan,45511
Güneren,45512
H.Alali,45513
Porozo,45514
J.Porozo,45515
Ankeye,45516
Fábio Roberto,45517
Gomes Netto,45518
F. Al Ghamdi,45519
Dong Hee,45520
Lee Dong Hee,45521
DongHee,45522
Jin Seong,45523
Park Jin Seong,45524
JinSeong,45525
Jeong Won,45526
Eo,45527
Eo Jeong Won,45528
Jeongwon,45529
Ambrogio,45530
Suk Ju,45531
Yoon Suk Ju,45532
SukJu,45533
Ryun Seong,45534
Kim Ryun Seong,45535
RyunSeong,45536
Ferrero,45537
Bassam M.,45538
Trige,45539
Youssuf,45540
A.Balde,45541
Pierangelo,45542
Pagnano,45543
Jun Seok,45544
Song Jun Seok,45545
JunSeok,45546
B.Traore,45547
Eduardo de Andrade,45548
Thiago Andrade,45549
Zhu Yue,45550
Zhu Y.,45551
Haliq,45552
Ablahan,45553
Jinshuai,45554
Wang Jinshuai,45555
Wang J.Sh.,45556
Grehan,45557
Kokolo,45558
Elmo,45559
Dodson,45560
Radinio,45561
Balker,45562
Oratmangoen,45563
Abu Al Shamat,45564
F.Alazmi,45565
Gezos,45566
Andrés Carlos,45567
Caro Serrano,45568
Andrés Caro,45569
Bilbao Mendiguren,45570
Iker Bilbao,45571
Syver,45572
Sivi,45573
Fuglsang,45574
F. Zabala,45575
Fase,45576
Klußmann,45577
Malbec,45578
Ravizzoli,45579
M. K. Hansen,45580
Began,45581
M. Bouldini,45582
Ogorzały,45583
Kvia-Egeskog,45584
Kvia,45585
Cooney-Cross,45586
Vinicius Souza,45587
Vini Souza,45588
Sousa Albino,45589
David Sousa,45590
Mansoni,45591
Nsambu,45592
Kandil,45593
Can Keleş,45594
A. Roca,45595
B.Alsayyali,45596
Z.Aljohani,45597
Uranik,45598
Seferi,45599
Bergum,45600
Kim Hyeon Woo,45601
Mohammed Saleh,45602
P. Bernardo,45603
Puntigam,45604
Fredy V.,45605
Tsunoda,45606
Çukur,45607
Franco Agustín,45608
Naya,45609
Rodrigo Conceição,45610
R. Conceição,45611
Ergün,45612
Roggerio,45613
Nyakossi,45614
Sveinhaug,45615
Yiğit Emre,45616
Çeltik,45617
Celtik,45618
Brenno,45619
Fraga,45620
A.Alsanbi,45621
B.Brahimi,45622
I. Benito,45623
I. Romero,45624
Fukui,45625
Paskotši,45626
M.Gümüşkaya,45627
Ar'jany,45628
Isak Kjelsrud,45629
Ogün,45630
Özçiçek,45631
Ogün Özçiçek,45632
Helgeland,45633
Galazzi,45634
Peprah,45635
Strompf,45636
Youté Kinkoué,45637
Youte.E,45638
Natel Viera,45639
Léo Natel,45640
Idowu,45641
Marcus Vinicius,45642
Felicio Pereira,45643
Pond,45644
Anika,45645
Denham,45646
Zakharyan,45647
Gent,45648
Tikvic,45649
Karólína Lea,45650
Nesrine,45651
Bahlouli,45652
Turányi,45653
Felicitas Fee,45654
Kockmann,45655
Barbora,45656
Votíková,45657
M.França,45658
Ciccioli,45659
Hrithik,45660
Tripp,45661
I.Akhomach,45662
Burstow,45663
Z. Iqbal,45664
Lardez-G,45665
Carage,45666
Anissa,45667
Lahmari,45668
P.Pagis,45669
Alegre Lozano,45670
Marc Alegre,45671
Pérez Iglesias,45672
René Pérez,45673
Peter Federico,45674
Copado,45675
Hyun Woung,45676
Choi Hyun Woung,45677
Hyunwoung,45678
Anini Jr,45679
Gustav Kjølstad,45680
Nyheim,45681
Mampassi,45682
N. Fonseca,45683
T. Allende,45684
Aires,45685
A. Aires,45686
Miska,45687
Ylitolva,45688
Odhiambo,45689
S.AlHarthy,45690
Olaitan,45691
Ishola Jr,45692
L.Codina,45693
Thomas L.,45694
Roman H.,45695
Asia,45696
Bragonzi,45697
Kofi Kim,45698
Hancuff,45699
Mikael Filipe,45700
Viana de Sousa,45701
F. Bruera,45702
Baggett,45703
Gil Bueno,45704
Juanpe Gil,45705
R. Sandoval,45706
Jamir,45707
Berdecio,45708
Jamir B.,45709
Fatawu,45710
Juričić,45711
Kim Chan Yong,45712
Chanyong,45713
Bambasé,45714
Daithí,45715
McCallion,45716
Marcal,45717
Krzyżak,45718
Aïrine,45719
Sh'nia,45720
Faqa,45721
Sichenje,45722
Tobías da Silva,45723
Vinícius Tobías,45724
Kambwala,45725
Jurado Gómez,45726
Marc J.,45727
Hansen-Aarøen,45728
Aaroen,45729
Gore,45730
G. Kuol,45731
Dabro,45732
El Kaouakibi,45733
Youstin,45734
Sverre Halseth,45735
Nypan,45736
Broholm,45737
Koutsoupias,45738
Livieri,45739
Jean Jacques,45740
D.Aymen,45741
Peda,45742
Andreas Eikrem,45743
A. Carreras,45744
Sang Yoon,45745
Kang Sang Yoon,45746
Sangyoon,45747
Moxmet,45748
Moxmet Nebijan,45749
Catalina Thomas,45750
Bağcı,45751
H.Bağcı,45752
Liangkuan,45753
Jin Liangkuan,45754
Jin L.K.,45755
Liao L.,45756
Fu Hao,45757
Fu. H.,45758
Primo,45759
de Santiago Alonso,45760
Yago Santiago,45761
Maximillian,45762
Oyedele,45763
Testud,45764
Țicu,45765
Lelo,45766
D. Poloni,45767
Zvonarek,45768
Kapuadi,45769
Nuoheng,45770
Liang Nuoheng,45771
Liang N.H.,45772
Shewketjan,45773
Tayir,45774
Xiawkat,45775
Kejun,45776
Lin Kejun,45777
Lin K.J.,45778
Cadamarteri,45779
Llinares,45780
A. Del Moral,45781
Kayky,45782
da Silva Chagas,45783
L.Mouton,45784
Bucca,45785
Billemaz,45786
Irvyn,45787
Lomami,45788
Et'hemi,45789
Chrupałła,45790
Thaís Reiss,45791
Novatus,45792
Miroshi,45793
Radcliffe,45794
Darrell Kamdem,45795
Tibell,45796
Magno,45797
João Victo,45798
João Magno,45799
J. Magno,45800
Bettaieb,45801
Temple,45802
Credoz,45803
Perrine,45804
Delrieu,45805
Roudaut,45806
Monica,45807
Ploughsman,45808
Z.Hawsawi,45809
I. Vilarrasa,45810
Pharrell,45811
Tellgren,45812
Dani Silva,45813
Penders,45814
Flannery,45815
Iliadis,45816
Gaby,45817
Linyan,45818
Zhang Linyan,45819
Zhang L Y,45820
Pierozzi,45821
Alai Hussain,45822
Ghasem,45823
Corfitzen,45824
Aarflot,45825
Aridon,45826
Racaj,45827
Benicio,45828
Baker-Boaitey,45829
C. Ocampos,45830
M. Tavares,45831
R.Fernandes,45832
Sebastian Holm,45833
E.Çetinkaya,45834
Casadesús,45835
Tze nam,45836
Yue Tze nam,45837
Greensall,45838
Al Mermesh,45839
Natário Ferreira,45840
Hinchy,45841
B. Palacios,45842
J. Torres,45843
J. Asprilla,45844
Toscano,45845
M.Essa,45846
Ruiqi,45847
Yang Ruiqi,45848
Yang R.Q.,45849
Matai,45850
Akinmboni,45851
Jil,45852
Frehse,45853
Mélinda,45854
Iman,45855
Lattus,45856
Kanurić,45857
Bregante,45858
Bryan Zaragoza,45859
Guarino,45860
Swelim,45861
Azkona,45862
Okosun,45863
Ferri Julia,45864
P. Fernández,45865
V.Calligaris,45866
S. Lloris,45867
N. Mendoza,45868
Alharilla,45869
Ainhoa Bascuñán,45870
V. Quiles,45871
N. Montilla,45872
Ana F.,45873
Ornella María,45874
Vignola Cabot,45875
R. Otermín,45876
Paola U.J.,45877
Laura Domínguez,45878
Landaluze,45879
Murua Astorkiza,45880
Oguiza,45881
Claudia I.,45882
M. Llompart,45883
C. Carbonell,45884
P. Garrote,45885
N. Garrote,45886
Sille,45887
M. Martí,45888
Tejada,45889
Bernabe,45890
O. Santana,45891
Lete,45892
Verónica,45893
Paola H.D.,45894
A. Marrero,45895
Noelia R.,45896
Nay Caceres,45897
S. Castelló,45898
Gara,45899
Cross-Adair,45900
Lendfers,45901
Pukštas,45902
L.Rosa,45903
Pérez Casada,45904
R. Casada,45905
S. Natera,45906
Angel Troncho,45907
Ubandoma. M,45908
Lu Wentao,45909
Lu W.T.,45910
Tamarit,45911
Prati,45912
Escot Borrego,45913
Natalia Escot,45914
Zhao J.N,45915
Mubark,45916
Rajović,45917
Khumbeni,45918
F. Watson,45919
Kotto,45920
Mishari,45921
Daniël,45922
Virginio Deen,45923
Virginio D.,45924
Chien-ming,45925
Wang Chien-ming,45926
Jungdal,45927
Célio Antonio,45928
Célio Pompeu,45929
Jorelyn,45930
Stine,45931
Ballisager,45932
Hinata,45933
Miyazawa,45934
Ghizlane,45935
Chebbak,45936
Bokiri,45937
Carusa,45938
Heather,45939
Mégroz,45940
Humbles,45941
Ntamack,45942
Rodríguez Rendón,45943
Kikianis,45944
K.Olsen,45945
Durdov,45946
Colette,45947
Ndzana,45948
Qiu Zh.Y.,45949
R. Domínguez,45950
Mullerdhorf,45951
Tuffin,45952
Ana Victoria,45953
Ragsdill,45954
Guillebeaux,45955
Lori Ann,45956
Kivers-Bay,45957
Cassandra,45958
Hadleigh-May,45959
Bombardo,45960
Martha Alejandra,45961
Viglianco,45962
Dixie,45963
Banasiewich,45964
Ariadne,45965
Atonel,45966
Heapels,45967
Ellestein,45968
Concepcion,45969
Maganalle,45970
Avalonez,45971
Agudelos,45972
Enderson,45973
Guisanos,45974
Oreliénim,45975
Cundumín,45976
Afonsino,45977
Charriz,45978
Amarilio,45979
Paillalev,45980
Lily-Ava,45981
Beiler,45982
Jimenkovich,45983
Chloe-Anne,45984
Thorendale,45985
Goapalmeiras,45986
Nadya,45987
Brindly,45988
Sang Wook,45989
Ji Sang Wook,45990
Sangwook,45991
Thestrup,45992
Butler-Oyedeji,45993
Lozadina,45994
Acuestano,45995
Vitali,45996
Punsar,45997
M. Verdún,45998
Hyeon Je,45999
Kang Hyeon Je,46000
Hyeonje,46001
G. Rodríguez,46002
Romero Marco,46003
Lucía Romero,46004
Pamanez,46005
Santirano,46006
Donadinna,46007
Pezarano,46008
Bardana,46009
Resvaldo,46010
Carvanna,46011
Parraso,46012
Amarildo,46013
Barduaga,46014
Trasino,46015
S.Velásquez,46016
Jung Jae Min,46017
Kustosz,46018
Khayon,46019
van Wageningen,46020
Jorge Luiz,46021
Barbosa Teixeira,46022
Jorge Teixeira,46023
Przyborek,46024
Rayvien,46025
K.Köylü,46026
Labrínez,46027
Dáithí,46028
J. Saborido,46029
J. Sanguina,46030
M. Machuca,46031
Carlee,46032
Giammona,46033
Luany Vitoria,46034
da Silva Rosa,46035
Luany,46036
Gisele,46037
S.Owusu,46038
Milciades,46039
Markus Olsvik,46040
Welinder,46041
C. Báez,46042
Coello Camarero,46043
Alonso Coello,46044
E. Ocampo,46045
A. Lucena,46046
Otavio,46047
Emre Gökay,46048
S.Magassa,46049
A. Cantero,46050
G. Vargas,46051
Navea,46052
T. Servín,46053
V. Rivarola,46054
Halimurat,46055
Kamiran,46056
Kamran H.,46057
T. Fernandez,46058
Moynihan,46059
Willcox,46060
A. Diao,46061
Dano,46062
Lourens,46063
Tygo,46064
Land,46065
Zongyuan,46066
Liu Zongyuan,46067
Liu Z.Y.,46068
Lyu Xinkai,46069
Lyu X.K.,46070
D. Castro,46071
Brais M.,46072
Strata,46073
Ben Touré,46074
Al Shuwayrikh,46075
Al-Khaibari,46076
Al Zabdani,46077
H.Alzabdani,46078
Abdulaziz.S,46079
Mosleh Salah,46080
L.Camino,46081
Briedl,46082
Alex Pop,46083
Lin Wenjie,46084
Lin. W.J.,46085
Zhang Tao,46086
Zhang T.,46087
Zhouxin,46088
Huang Zhouxin,46089
Huang Zh.X.,46090
I. Olawoyin,46091
Alba P.,46092
N. Agüero,46093
Alicia Redondo,46094
Barberá Romero,46095
Víctor Barberá,46096
Remina,46097
Echegini,46098
Buso,46099
S. Ortuño,46100
Dragoni,46101
B. Guisolfo,46102
Szuhodovszki,46103
Boatwright,46104
Babunski,46105
Mikaela,46106
Stojanovska,46107
A. Fabry,46108
Bajung,46109
Yacouba,46110
Larose,46111
Ana María,46112
P. Zugasti,46113
Rodríguez-Gentile,46114
Rodriguez-Gentile,46115
Cazalla Garcia,46116
Marta Cazalla,46117
Puclin,46118
Conraad,46119
B.Whaeshi,46120
Abdullai,46121
Roque Ferreira,46122
Vitor Roque,46123
Alsubaie,46124
Hong Yun Sang,46125
Yunsang,46126
Aziz.A,46127
Cher N.,46128
Apari,46129
Barański,46130
Sharaf Ali,46131
Bianconi,46132
Giudici,46133
Viles,46134
Abdulrazzaq,46135
Janež,46136
Korosec,46137
Dal,46138
Cristina Baudet,46139
Simkin,46140
Jeleń,46141
Hamjatou,46142
Soukouna,46143
Javi Hdez.,46144
Jan-Carlo,46145
Simić,46146
Dweh Jr,46147
Alara,46148
Sehitler,46149
Şehitler,46150
Saldaña B.,46151
A. Gomez,46152
Rybak,46153
Carlota Suárez,46154
Diogo R.,46155
Maeline,46156
O.Diakité,46157
Husseck,46158
Djú,46159
Cerrato Izquierdo,46160
Alba Cerrato,46161
Delice,46162
Boboy,46163
Estrella,46164
Merino Gonzalez,46165
Sina,46166
Tölzel,46167
A. Casas,46168
Mahop,46169
Mari,46170
Stárová,46171
Liansanga,46172
Henara,46173
Castelló Menéndez,46174
Henara Castelló,46175
H. Castelló,46176
Mertero Salas,46177
Cris Mertero,46178
C. Mertero,46179
Rioverde Sanchez,46180
Arosa,46181
Cantos Montenegro,46182
Arosa Cantos,46183
Arosa C.,46184
Vázquez Cuervo,46185
Jaime Vázquez,46186
Fiemawhle,46187
Agam,46188
Haviv,46189
Lafaix,46190
Kadowaki,46191
A.Abdo,46192
Bansé,46193
Tomé,46194
Castro Sousa,46195
Tomé Sousa,46196
Hrstić,46197
Courcoul,46198
Sidiki,46199
Chérif,46200
A.Darisi,46201
Delphis,46202
Bonadeo,46203
Nicolăescu,46204
Peraić-Cullen,46205
Omorodion Aghehowa,46206
Hoops,46207
Heide,46208
Szala,46209
Chirila,46210
Rusborg,46211
Kuzmic,46212
Aranda Subiela,46213
Óscar Aranda,46214
Baye Ablaye,46215
Distefano,46216
Mehmet Erdoğan,46217
Soglo,46218
Elhadj,46219
Renaldo,46220
Mahious,46221
Ayres,46222
Vendelbo,46223
Friday,46224
Delentz,46225
Şahan,46226
Ö.Şahan,46227
Varešanović,46228
Djakaridja,46229
Junior Traoré,46230
Everson Junior,46231
Everson Jr,46232
Ronco,46233
Caporale,46234
Burnete,46235
Grande Sánchez,46236
Xavi Grande,46237
Astralaga Aranguren,46238
Astralaga,46239
Negrel,46240
Manfredi,46241
Nespola,46242
Mame Mor,46243
M. Faye,46244
González Sotos,46245
Hugo González,46246
H. González,46247
Tejón Fauli,46248
Martín Tejón,46249
Belza Medina,46250
Jesús Belza,46251
Alcañiz Baldovi,46252
Edgar Alcañiz,46253
Albenas,46254
Kolli,46255
Gbane,46256
Muguruza Peña,46257
Muguruza,46258
Seruca de Oliveira,46259
André Seruca,46260
Belloumi,46261
van Ee,46262
Merkaj,46263
Yüksel,46264
Frans,46265
Krätzig,46266
Hülsmann,46267
Braude,46268
Garrido Moya,46269
Jaime Garrido,46270
Jaime G.,46271
S.Alsaeed,46272
Usta,46273
Güvenç Usta,46274
Keliano,46275
Manuel Keliano,46276
Melle Joop,46277
Witteveen,46278
Moreno Alcalá,46279
Víctor Moreno,46280
V. Moreno,46281
Dani Requena,46282
Belén,46283
de Gracia Ruiz,46284
Belén de Gracia,46285
Erik Ansok,46286
Frøysa,46287
Huygevelde,46288
Jair Diego,46289
Alves de Brito,46290
Jajá,46291
Quintanilla,46292
Mărginean,46293
Marginean,46294
Ghilardi,46295
Sersanti,46296
Hapsatou,46297
Malado Diallo,46298
Ísak Andri,46299
Sigurgeirsson,46300
van Zwam,46301
Altena,46302
Jianyan,46303
Zhou Jianyan,46304
Zhou J.Y.,46305
Egbring,46306
Corazza,46307
Konak,46308
Gartmann,46309
Gómez Etxebarria,46310
Unai Gómez,46311
Unai G.,46312
Ibishaj,46313
Li Wei,46314
Li W.,46315
Yuan Junjie,46316
Yuan J.J.,46317
Tenglong,46318
Li Tenglong,46319
Li T.L.,46320
Stolnik,46321
Bürge,46322
Madariaga Susaeta,46323
Mada,46324
Alketa,46325
Hui,46326
Teng Hui,46327
Teng H.,46328
Borbei,46329
Arévalo Mera,46330
Aktaş,46331
Taylan Utku,46332
Knight-Lebel,46333
Quincy,46334
Hoeve,46335
Abdulsamet,46336
Skogmar,46337
Puch,46338
Josimar,46339
Alcócer,46340
J. Alcocer,46341
Drinčić,46342
Prvulović,46343
Şamil,46344
Ahmet Kağan,46345
Malatyalı,46346
Muhammed Eren,46347
Arıkan,46348
Madalyn,46349
Pokorny,46350
Kaprálik,46351
Zuccon,46352
Yifeng,46353
Zhou Yifeng,46354
Zhou Y.F.,46355
Jorge Miguel,46356
Castro Monteiro,46357
Miguel Monteiro,46358
Ayllón Descalzo,46359
Iván Ayllón,46360
Ivan Ayllon,46361
F. Peralta,46362
T. Gavilán,46363
Rivadeneira,46364
Mugeese,46365
Rong,46366
Chen Rong,46367
Chen R.,46368
Karoline,46369
Manyoma,46370
Deivid W.,46371
de Souza Eugênio,46372
Deivid Washington,46373
Deivid,46374
A. Cano,46375
Marcos Leonardo,46376
Santos Almeida,46377
M. Leonardo,46378
Pina Paya,46379
Antonio Pina,46380
Tidyane,46381
Diagouraga,46382
Ivar,46383
Jenner,46384
Kügel,46385
Kolbeinn,46386
Kodai,46387
Alane,46388
Bedfian,46389
De Amorim,46390
Danique,46391
Noordman,46392
Daliyah,46393
De Klonia,46394
Swiderski,46395
Tolhoek,46396
Bente,46397
Tebili,46398
Lahmadi,46399
Trivante,46400
T. Stewart,46401
Benito de Valle,46402
Jorge Benito,46403
J. Benito,46404
González Gorrin,46405
Ale Gorrin,46406
Bartual González,46407
Kike Bartual,46408
Ruiz Delgado,46409
Alex Ruiz,46410
de Gea Abril,46411
Rubén de Gea,46412
R. de Gea,46413
Ibon,46414
Ispizua Helguera,46415
Ibon Ispizua,46416
Chukwubuikem,46417
Ikwuemesi,46418
Vukušić,46419
Bosun,46420
Meuli,46421
Krstović,46422
Omri,46423
Gandelman,46424
Jascha,46425
Sabil,46426
Laurits Raun,46427
Paz Martínez,46428
Nico Paz,46429
Baldovino,46430
Cimino,46431
Naj,46432
Razi,46433
van der Wilt,46434
Kohon,46435
Jarik,46436
Sundling,46437
Kwakman,46438
Pazourek,46439
Thiniba,46440
Samoura,46441
Kevon,46442
Håkon Butli,46443
Hammer,46444
Costantino,46445
Favasuli,46446
Demir Ege,46447
Tıknaz,46448
Yaser,46449
Onuigwe,46450
Wurm,46451
Santi García,46452
Muhammet Ali,46453
Özbaskıcı,46454
Alvis,46455
Jaunzems,46456
Finkgräfe,46457
Gomes Gerth,46458
Tyrén,46459
Tanda,46460
D'Auria-Henry,46461
Jojić,46462
Logi,46463
Tómasson,46464
Sulola,46465
Hiim,46466
Eli Junior,46467
Kroupi,46468
Kroupi.Jr,46469
Oudenne,46470
Jamie-Lee,46471
Napier,46472
Gavran,46473
Eneo,46474
Bitri,46475
Samuel Loureiro,46476
Carvalho Justo,46477
Samuel Justo,46478
S. Justo,46479
Mannou,46480
Kauã Morais,46481
Vieira dos Santos,46482
Kauã Santos,46483
Jaouab,46484
Navarro Blázquez,46485
Marcos Navarro,46486
Ange Loïc,46487
N'Gatta,46488
Degert,46489
Ruiz Agustina,46490
Joan Ruiz,46491
Fichtinger,46492
Keukelaar,46493
Gogescu,46494
N'Goma,46495
Mamutovic,46496
Colau,46497
Jadel,46498
Katongo,46499
Colvill,46500
Rantala,46501
Jutta,46502
Ahtinen,46503
Weidmann,46504
Lima Barros,46505
Pedro Lima,46506
P. Lima,46507
Salomon,46508
Jahce Tyler,46509
Novello,46510
Guiagon,46511
Miguel Silva,46512
G. Ursu,46513
Abuashvili,46514
Chandrel,46515
C.Massanga,46516
Mullett,46517
Corradini,46518
Iva,46519
Campani,46520
Topatar,46521
Dadi Dodou,46522
Čonč,46523
Rudi,46524
Molotnikov,46525
Agius,46526
Elding,46527
Sposito,46528
Osigus,46529
Florencio da Silva,46530
Garriel Múñoz,46531
Garriel,46532
I.Garriel,46533
Houssem Eddine,46534
Mrezigue,46535
İlayda,46536
İçier,46537
Sazonov,46538
Alessandro Pio,46539
Riccio,46540
Oscar Forsmo,46541
Kapskarmo,46542
Costa dos Santos,46543
Kellyman,46544
Busnić,46545
Mikki,46546
van Sas,46547
Ertaş,46548
Deniz Ertaş,46549
André Luiz,46550
Inácio da Silva,46551
Furkan Onur,46552
Akyüz,46553
Brückner,46554
Mandas,46555
Leković,46556
Nehemiah,46557
Tepecik,46558
Kotyrba,46559
Naïfi,46560
Naifi,46561
Cubarsí Paredes,46562
Pau Cubarsí,46563
Cubarsí,46564
Crnac,46565
Poczobut,46566
Adrià Miquel,46567
Bosch Sanchis,46568
Miki Bosch,46569
Lalchhanhima,46570
Seilenthang,46571
Lotjem,46572
Meupiyou,46573
Zulić,46574
Ogunkoya,46575
Tidiam,46576
Achik,46577
Bentayg,46578
Sadibou,46579
S.Sané,46580
Olopade,46581
Ali Y.,46582
Azarovi,46583
Besaggio,46584
Fogliata,46585
Makabi,46586
Lilepo,46587
Masoero,46588
Lois,46589
Niënhuis,46590
Bolu,46591
Ogungbayi,46592
Cortese,46593
Mokrane,46594
Bentoumi,46595
Bengui,46596
Earthy,46597
Pissardo,46598
Kodua,46599
Mothersille,46600
Oran,46601
Ilay,46602
Žaper,46603
Silaghi,46604
Piekutowski,46605
Kata,46606
Basse,46607
Berkani,46608
I.Sané,46609
Selvi,46610
Clua Oya,46611
W.Haqawi,46612
Ting Xie,46613
Frutos,46614
Shahruddin,46615
Magomedaliyev,46616
Avella,46617
Dipesh,46618
Cosimi,46619
Suphanat,46620
Mueanta,46621
Angel. T,46622
Safuri,46623
Beknaz,46624
Almazbekov,46625
Janne-Pekka,46626
Eyüp,46627
E. Aydın,46628
Al Jadi,46629
Sagiv,46630
Jehezkel,46631
E.Mbappé,46632
de León,46633
Raimund,46634
Scheller,46635
Hemsley,46636
Akpa-Chukwu,46637
Al Asiri,46638
Kania,46639
Gabriel Santos,46640
Cordeiro Lacerda,46641
Gabriel Lacerda,46642
G. Lacerda,46643
Meitei,46644
Corrales Álvarez,46645
Lucía Corrales,46646
Enrique Rodríguez,46647
Olaya Rodríguez,46648
Bekey,46649
Oram,46650
Macarton Louis,46651
Al Masoud,46652
Kayi Sanda,46653
Ylies,46654
Aradj,46655
Markovski,46656
Tabitha,46657
Chawinga,46658
T.Chawinga,46659
Dibley-Dias,46660
Kamijo,46661
Baum,46662
Lambourde,46663
Domínguez Franco,46664
Domi,46665
Mario D.,46666
Youndje,46667
Politidis,46668
Bartesaghi,46669
Azhar,46670
Ephraim,46671
Supyk,46672
Denk,46673
Ola-Adebomi,46674
Harsh,46675
Patre,46676
Monirul,46677
Hijazi,46678
Malamine,46679
Efekele,46680
Mincarelli,46681
Veneran,46682
Verzeletti,46683
Haj Mohamed,46684
M.Anas,46685
Candelari,46686
Pietra,46687
Lucchesi,46688
Busato,46689
Raekwan,46690
Comuzzo,46691
Mateus Henrique,46692
Vanelli Lusuardi,46693
Mateus Lusuardi,46694
Huijsen,46695
Zeroli,46696
Otoo,46697
Albak,46698
Ali Turap,46699
Bülbül,46700
Yağız,46701
Dilek,46702
Mohamed Hassan,46703
López Guijarro,46704
González Zambrano,46705
Iñaki González,46706
Herzog González,46707
Egiluz Arroyo,46708
Egiluz,46709
Lencioni,46710
Serrizuela,46711
Espíndola,46712
Viganoni,46713
Lavagnino,46714
Dellavalle,46715
Mendoza Martinez,46716
Rodri Mendoza,46717
R. Mendoza,46718
Alday Igartua,46719
Iker Alday,46720
Roldán López,46721
Luis Roldán,46722
Ricoy Serrano,46723
Lucas Ricoy,46724
L. Ricoy,46725
Pamies Marín,46726
Pamies,46727
Lietaert,46728
Devalckeneer,46729
Tamen,46730
Donley,46731
van Driel,46732
Mayoka-Tika,46733
Cartillier,46734
João Gabriel,46735
E Costa Cesco,46736
João Costa,46737
Bal,46738
Brusberg,46739
Annie,46740
Wilding,46741
Samooja,46742
Eider,46743
Arana Mugueta,46744
Eider Arana,46745
León Breña,46746
Paula León,46747
Sánchez Arriero,46748
Marcos Sánchez,46749
Marcos S.,46750
Ambrósini,46751
Zine,46752
Yarek,46753
Gąsiorowski,46754
Isaac Bernardo,46755
Neto Monteiro,46756
Sánchez Romero,46757
Marina Sánchez,46758
Haizea,46759
Uranga Agirre,46760
Haizea Uranga,46761
da Silva Figueiredo,46762
Zé Pedro,46763
Lalremtluanga,46764
Fanai,46765
Mohammed K,46766
Sanan,46767
Olwethu,46768
Makhanya,46769
Vanlalpeka,46770
Guite,46771
Vishnu Puthiya,46772
Valappill,46773
Gjone,46774
Storm Bugge,46775
Adom-Malaki,46776
R.Coyle,46777
Vådebu,46778
Sellars-Fleming,46779
Andreucci,46780
Meike,46781
Meßmer,46782
Børsheim,46783
Rivamar,46784
Bollati,46785
Münz,46786
Sander Håvik,46787
Innvær,46788
Reitan-Sunde,46789
Antonino Jastin,46790
García López,46791
Jastin,46792
Almena Horcajo,46793
Iker Almena,46794
Barreda,46795
Aixa,46796
Salvador García,46797
Aixa Salvador,46798
Garau,46799
Lewis-Skelly,46800
Flourish,46801
Sabastine,46802
D'Alessio,46803
Siciliano,46804
Sagoe Jr,46805
Jeltsch,46806
Girtler,46807
Bassirou,46808
Jousselin,46809
Tunkadi,46810
Jadan,46811
Èric,46812
Callís Torrent,46813
Èric Callís,46814
Guiu Paz,46815
Marc Guiu,46816
Peña Ocaña,46817
Marcos Peña,46818
Jarell Njiké,46819
McCausland,46820
Madiodio,46821
Ouhatti,46822
Ikia Dimi,46823
Turek,46824
King Samuel,46825
Guilmar,46826
Centella,46827
Dettling,46828
Bagüí,46829
Scicluna,46830
Ferrer Besalduch,46831
Pau Ferrer,46832
Karaağaç,46833
Otero Benítez,46834
Marcos Otero,46835
Giulien,46836
Kaps,46837
Killane Giardini,46838
Killane,46839
Lavale,46840
Svatok,46841
Bovalina,46842
Beale,46843
Flotho,46844
Luker,46845
D'Leanu,46846
Arts,46847
Gooijer,46848
Silalahi,46849
Spyros,46850
Angelidis,46851
Ortiz Díaz,46852
Eneko Ortiz,46853
Romelle,46854
Atcheson,46855
Dermi,46856
Lusala,46857
Fort García,46858
Héctor Fort,46859
H. Fort,46860
Akeel,46861
Nonge,46862
Esnáider Ruiz,46863
Facu Esnáider,46864
Alejandro Jiménez,46865
Álex Jiménez,46866
Aberdin,46867
Yoihenba,46868
Yuzún,46869
Ley Pizá,46870
Yuzún Ley,46871
Manglenthang,46872
Kipgen,46873
Al Tulayhi,46874
Vonja,46875
Wojdakowski,46876
Vinícius Matheus,46877
Ansen,46878
Meghoma,46879
Pedley,46880
Cherubini,46881
Esthefanny,46882
Barreras,46883
Yulwuis,46884
de Clemente,46885
Koptas,46886
Barczak,46887
Fergus,46888
Gillion,46889
Iñigo García,46890
Sellés López,46891
David Sellés,46892
Sellés,46893
Martín Camuñas,46894
Jordi Martín,46895
Jordi M.,46896
Backwell,46897
Iorpenda,46898
Axl,46899
De Corte,46900
Yakup Arda,46901
Akçiçek,46902
Devan,46903
Tanton,46904
De Fougerolles,46905
Aristizábal,46906
Alby,46907
Froholdt,46908
Foe Ondoa,46909
Malamis,46910
Rincón Lumbreras,46911
Hugo Rincón,46912
H. Rincón,46913
Vargas Garrido,46914
Javi Vargas,46915
Boayar Benaisa,46916
Adam Boayar,46917
Şamdanlı,46918
Chrisander,46919
Sørum,46920
Ogbus,46921
Dré,46922
Loiseaux,46923
A. Páez,46924
Moutaz,46925
Neffati,46926
Abdoulkarim,46927
Pilios,46928
Cabrera Ortega,46929
Julio Cabrera,46930
Miranda Nieto,46931
Adri Miranda,46932
Yalçınkaya,46933
Nelson Diogo,46934
Sanca Balde,46935
Nelson Sanca,46936
Parada González,46937
Rodríguez Sousa,46938
Zoumana,46939
Yilmaz,46940
Dorrington,46941
Rachad,46942
Fettal Dhimi,46943
Edmilson,46944
Cambila Francisco,46945
Edmilson Cambila,46946
Sesjak,46947
Amady,46948
Corsten,46949
Sisco,46950
Ngambia Dzonga,46951
Eran,46952
Tuypens,46953
Ayoubi,46954
Šimun,46955
Hrgović,46956
Licona,46957
Mashaal,46958
Oluwaseun,46959
Ogbemudia,46960
Delibaş,46961
E.Delibaş,46962
María Luisa,46963
García Antolín,46964
Etri,46965
Wilhelm,46966
Fabio Andrea,46967
Salvati,46968
Fernández Escobar,46969
Sergio Fernández,46970
Sergio F.,46971
Jhafets Christ,46972
Dick Reyes,46973
Jhafets,46974
Celorio García,46975
Neco Celorio,46976
Oberbeck,46977
Naderi,46978
Spătaru,46979
Cardenia,46980
Nicólas,46981
Yairo,46982
Valladez,46983
César Carlos,46984
Ferreloza,46985
Gombezano,46986
Redoga,46987
Tramos,46988
Vendaza,46989
Anderson Felipe,46990
Elgueta,46991
Risendo,46992
Conferio,46993
Arcilado,46994
Lobella,46995
Isleras,46996
Alfárnez,46997
Acuria,46998
Manjedo,46999
Costería,47000
Mandíquez,47001
Vienda,47002
Jose Carlos,47003
Besanguy,47004
Arley Moreno,47005
Aguileda,47006
Hostados,47007
Margarro,47008
Saltininio,47009
Vaquizo,47010
Gazalezo,47011
Ibañado,47012
Pavecillo,47013
Candales,47014
Guidaros,47015
Rostero,47016
Marcinal,47017
Nezuñir,47018
Veznera,47019
Darenova,47020
Menderezo,47021
Santerilonez,47022
Venlero,47023
Anchondo,47024
Peñarendi,47025
Vardias,47026
Rozalas,47027
Ermazabales,47028
Gaetaños,47029
Moraganoz,47030
Escavari,47031
Herranes,47032
Magañez,47033
Senderón,47034
Ermeño,47035
Vendoval,47036
Romales,47037
Galvaradano,47038
Vidangosa,47039
Zagareda,47040
Leandro Marcos,47041
Pajarez,47042
Avileda,47043
Raul Mateo,47044
Alcoba,47045
Ardero,47046
Zentiga,47047
Sarnoga,47048
Thiago Ángel,47049
Guichón,47050
Brandero,47051
Sáreda,47052
Sobedra,47053
Posadinez,47054
Parresino,47055
Diego Paulo,47056
Aedoz,47057
Menceiros,47058
Restenedo,47059
Sancero,47060
Abdellah,47061
Baallal,47062
Amín,47063
Al Bishri,47064
van der Sloot,47065
El-Jindaoui,47066
Jindaoui,47067
Kofi Jeremy,47068
Amoako,47069
Dibling,47070
Yehiya,47071
Maiga Silvestri,47072
Vidic,47073
Özbek,47074
Mascaró Ruiz,47075
Pau Mascaró,47076
Benavides Fuentes,47077
Romero Morilla,47078
Rafa Romero,47079
Sahabo,47080
Manner,47081
Chirewa,47082
Ens,47083
Frantz,47084
Pierrot,47085
Moerstedt,47086
Kealey,47087
Fadal,47088
Ali Fadal,47089
Olmedo,47090
C. Olmedo,47091
D. Espinosa,47092
Doba,47093
Nagida,47094
Alin Vasilică,47095
Ntanda,47096
Cam,47097
Bragg,47098
Poonia,47099
Al Sharfa,47100
S.AlSharfa,47101
Al Refaei,47102
Domínguez Arribas,47103
Javi Domínguez,47104
Javi Dguez,47105
Aingeru,47106
Olabarrieta Capelo,47107
Olabarrieta,47108
Jauregizar Alboniga,47109
Jauregizar,47110
Serkan Emrecan,47111
Meinicke,47112
Mlynarczyk,47113
Noel Aseko,47114
Nkili,47115
Susoho Sissoho,47116
Mahamadou Susoho,47117
Ismaïl,47118
Bouneb,47119
Amadin,47120
Al Dowaish,47121
Siem,47122
de Moes,47123
Zandbergen,47124
Robert-Jan,47125
Vanwesemael,47126
Henry-Scott,47127
Fabiano Pavlos,47128
Krasnic,47129
Kein,47130
Löpping,47131
Eileen,47132
Karich,47133
Mickenhagen,47134
Alenis,47135
Lopes Beraldo,47136
Lucas Beraldo,47137
Beraldo,47138
Arıcan,47139
Pape Youssou,47140
Ioan-Călin,47141
Revenco,47142
Marques A. Santos,47143
Gustavo Marques,47144
Lewuis,47145
Allport,47146
G. da Silva Filho,47147
Šahinović,47148
Tubbs,47149
Buvé,47150
Teuchy,47151
Comi,47152
Oyewusi,47153
Flamarion,47154
Jovino Filho,47155
Souboul,47156
Alouis,47157
Diriken,47158
Nhaili,47159
Shunsuke,47160
Mito,47161
Yuuka,47162
Kurosaki,47163
Prim Coma,47164
Pau Prim,47165
Salomaa,47166
Velurtas,47167
Iacobellis,47168
Irazoque,47169
Porra,47170
Gard,47171
Simenstad,47172
Bahiano,47173
Fascendini,47174
Jun Hyeon,47175
Jo Jun Hyeon,47176
Junhyeon,47177
Göppel,47178
Jorde,47179
Buabo,47180
Leal Siqueira,47181
Gui Siqueira,47182
Siqueira,47183
Yaakobishvili,47184
Lima Pontes,47185
Charlys Matheus,47186
Charlys,47187
Sodero,47188
Efe Akman,47189
Matilda,47190
Vinberg,47191
Lovisa,47192
Demiroğlu,47193
Barand.,47194
Valdemiro,47195
Pinto Domingos,47196
da Silva Pontelo,47197
R. Pontelo,47198
Ashanti,47199
Awudu,47200
Montell,47201
Ndikom,47202
Tamble Ulisses,47203
Folgado Monteiro,47204
Tamble,47205
Morgenstern,47206
Castellas,47207
Stephanie,47208
Radville,47209
Dianne,47210
Joeanne,47211
Keltjens,47212
Louakima,47213
Dadie Izaguirre,47214
Alberto Dadie,47215
Todor,47216
Todoroski,47217
Thalisson,47218
Kelven da Silva,47219
Thalisson Kelven,47220
Santiago Iván,47221
Anni,47222
Hartikainen,47223
Subiabre,47224
da Trindade Dubas,47225
Guilherme Biro,47226
Wasilewsky,47227
Pastorino,47228
Kostons,47229
