basecolour,name,dynamicimageid
0x15346B,center_189,1
0x18345E,Hyundai,2
0xFFFFFF,center_3000,3
0xFFFFFF,BayerL1,4
0xFFFFFF,F95_2,5
0xFFFFFF,Fortuna1,6
0x005B9B,center_1,7
0x010604,Bayer3,8
0xFFFFFF,center_3001,9
0x75AA40,BayerL2,10
0xFFFFFF,BayerL3,11
0xCE4435,BayerShop,12
0xFFFFFF,center_66,13
0xFDAA04,Volg,14
0x001944,center_223,15
0x000000,center_224,16
0x000D18,center_232,17
0x010504,BayerL4,18
0x00BBC5,BorussiaD1,19
0x003561,FCN_01,20
0x000000,ArminiaB1,21
0x000000,ArminiaB2,22
0xCE1719,ArminiaB3,23
0x000000,ArminiaB4,24
0x000000,ArminiaB5,25
0x000000,ArminiaB6,26
0x000000,Germany1,27
0xFFCC00,Wiesenhof,28
0x27214D,PSG1,29
0x2A2661,Netherlands1,30
0x09183C,center_205,31
0x00366F,FCSchalke02,32
0x6D6E71,VFLO8,33
0x132345,center_217,34
0x001CD0,EvertonDirect,35
0x000000,Puma,36
0x034EA2,LeicesterKingPower,37
0x201E1D,BorussiaD2,38
0xFFFFFF,BurnleyOak,39
0xFFFFFF,BHAFC_Membership,40
0xFFFFFF,center_207,41
0xFFFFFF,tournament_207,42
0x000000,center_990,43
0x000000,KiaWC,44
0x0054A6,BHAFC_Social,45
0xFFFFFF,BorussiaD3,46
0x1B2659,center_233,47
0xFFFFFF,BurnleyJames,48
0x000000,Sportage,49
0xFFFFFF,BurnleyClarets,50
0x231F20,USA1,51
0xFFFFFF,BHAFC_Community,52
0x0074BF,HerthatTicket,53
0xBDD468,BorussiaD4,54
0x0C183F,Portugal1,55
0x000000,VisitRwanda,56
0x0054A6,BHAFC_DotCom,57
0xFFFFFF,Japan1,58
0xFFFFFF,Japan2,59
0x00A18F,Japan3,60
0x153C6B,Mexico1,61
0xF7FF00,DANZ,62
0x091C3D,center_16,63
0xFFFFFF,center_17,64
0xCDFF00,Bayer4,65
0xFFFFFF,teamAsOne,66
0xFFFFFF,Spain1,67
0xF4D5DD,Italy1,68
0x000000,Copa,69
0xFFFFFF,BorussiaD5,70
0x008D4A,center_206,71
0xFFFFFF,Spain2,72
0xFFFFFF,Spain3,73
0xCB2231,Chile1,74
0x000000,center_2076,75
0xFFFFFF,France1,76
0x110B19,France2,77
0x1F579E,LcfcCom,78
0x9F141E,center_335,79
0x144865,Colombia1,80
0x3966A3,SCP1,81
0x1180C2,BVP5,82
0x000000,Spain4,83
0x000106,Fortuna2,84
0x329E49,BorussiaM2,85
0xE20074,BorussiaM3,86
0x000000,SAP,87
0xFFFFFF,England1,88
0x2A317D,England2,89
0x231F20,Newcastle1,90
0x231F20,Newcastle2,91
0x000000,Newcastle3,92
0x231F20,Newcastle4,93
0xFFFFFF,Newcastle5,94
0xFFFFFF,center_980,95
0xC7C5C6,BorussiaM4,96
0xEFEFEF,BorussiaM5,97
0xDB1E32,BorussiaM6,98
0xFFFFFF,Rosbacher,99
0x1B1918,BorussiaM7,100
0xFF3030,EmiratesRM,101
0x000000,DeutscheBank,102
0xE6007E,BorussiaM8,103
0xFFFFFF,Eintracht1,104
0x101B37,Recopa,105
0x000000,Eintracht2,106
0x000000,NikeFootball2,107
0xE20F18,Eintracht3,108
0xFFFFFF,WWKVersicherungen,109
0x000000,NikeFootball,110
0xEB680E,PCIFurBauProfis,111
0xFFFFFF,Darmstadt981,112
0xFFFFFF,Heinz,113
0xFFFFFF,Everton_Eitc,114
0xFFFFFF,Niemals,115
0x4C368B,Darmstadt982,116
0x000000,Darmstadt983,117
0xC8C8C8,tournament_970,118
0xE6E6E6,tournament_980,119
0xB9B9B9,tournament_999,120
0x000000,Darmstadt984,121
0xD71920,Emirates,122
0xB61118,FCHHW,123
0xFFFFFF,FCHVoith,124
0xDB151C,FCHFacebook,125
0xDB151C,FCHInstagram,126
0x2D3F70,FCHTwitter,127
0xCC2228,FCKoln1,128
0x55AF33,Dynamo1,129
0x000000,Dynamo2,130
0x009D3E,Fussballschule,131
0xFFFFFF,Dynamo3,132
0x0F8845,Dynamo4,133
0x012D78,Eintracht4,134
0x123F94,Dynamo5,135
0x5A0501,Dynamo6,136
0x5A0501,Dynamo7,137
0xBC0022,VfBeSports,138
0x005CA9,FCAugsburg1,139
0x000000,FCAugsburg2,140
0x5C2E91,PSG2,141
0xFDE233,BVP1,142
0x000000,BVP2,143
0x831F82,Eintracht5,144
0xD6171F,SaintsTwitter,145
0xD6171F,SaintsFacebook,146
0xFFFFFF,Eintracht6,147
0x000000,Eintracht7,148
0xFFFFFF,Fortuna3,149
0x1033ED,Freiburg1,150
0xFFFFFF,Freiburg2,151
0xFFFFFF,FCAugsburg3,152
0x000000,FCAugsburg4,153
0xFFFFFF,FCA_Thomsit,154
0xF60538,FCAugsburg5,155
0x018846,FC_Koln1,156
0xE21F27,FC_Koln2,157
0xFFFFFF,FC_Koln3,158
0xFFFFFF,Freiburg3,159
0x333333,Germany2,160
0xFFFFFF,ToyoTires,161
0xFFFFFF,Freiburg4,162
0xFFFFFF,Henkel,163
0x000000,WatfordWebsite,164
0xE40522,Freiburg5,165
0x0B69B1,Freiburg6,166
0x96C231,Freiburg7,167
0x000000,Mainz2,168
0xFFFFFF,Hertha1,169
0x36802A,Rauch,170
0x000001,Hertha2,171
0x0074BF,Hertha3,172
0xF3702A,FC_Koln4,173
0x000000,Hertha4,174
0x002F5B,Hoffenheim1,175
0x002F5B,Hoffenheim2,176
0x203F99,Hoffenheim3,177
0xFFFFFF,Hoffenheim4,178
0x1E2F40,Hoffenheim5,179
0x0130A4,Hoffenheim6,180
0xFFFFFF,VW,181
0x242C48,Autostadt,182
0xFFFFFF,Linglong,183
0xA81E27,Outlets,184
0xFFFFFF,UPS,185
0x000000,Wolfsburg01,186
0x62BB46,Wolfsburg02,187
0xD24809,Invitational,188
0x21407F,Champions,189
0x7F87BE,EuroInternational,190
0xBA082F,NaAllstars,191
0x002F86,LaAllstars,192
0xCD9325,AsianElite,193
0x09758A,EuroContinental,194
0x034084,AmericanChallenge,195
0x00318C,SaContinental,196
0x1F579E,LcfcMedia,197
0x008C5A,Spain5,198
0xE30A18,LaLiga,199
0x000000,center_1007,200
0x000000,center_349,201
0x000000,center_3005,202
0x294A77,Argentina2,203
0x000000,Chile2,204
0x000000,Italy2,205
0X001C51,TyCSports,206
0x1DB660,Netherlands2,207
0xFFFFFF,Fortuna4,208
0x000000,PSG3,209
0xD00111,England3,210
0x333333,center_21,211
0xE9EBED,Germany3,212
0xFFFFFF,Wolverhampton1,213
0xFDB813,Wolverhampton2,214
0x000000,Wolverhampton3,215
0xFDB813,Wolverhampton4,216
0xFDB813,Wolverhampton5,217
0xFFFFFF,Wolverhampton6,218
0xFDB813,Wolverhampton7,219
0x000000,Wolverhampton8,220
0x9C151B,center_2136,221
0xE11D27,Hoffenheim7,222
0x2E2F2F,GreenFarmCoffee,223
0x000000,Fosters,224
0x00CDBE,Deliveroo,225
0x000000,Mazda,226
0xCE1719,FC_Koln5,227
0xFFFFFF,FC_Koln6,228
0x000000,FC_Union1,229
0x273B84,FC_Union2,230
0xFFFFFF,FC_Union3,231
0xFFFFFF,FC_Union4,232
0x301451,Erzgebirge1,233
0xD6E9F7,Erzgebirge2,234
0x1C7CB3,Erzgebirge3,235
0x000000,Erzgebirge4,236
0x012758,Erzgebirge5,237
0xFFFFFF,Erzgebirge6,238
0xFFFFFF,Erzgebirge7,239
0x55AF33,Erzgebirge8,240
0xFFE500,Jahn1,241
0x183B72,Jahn2,242
0x000000,Jahn3,243
0x436DB3,Jahn4,244
0x56993D,Jahn5,245
0xFFFFFF,FC_Union5,246
0xFFFFFF,GreutherF1,247
0xFFFFFF,GreutherF2,248
0xFFFFFF,VFLO1,249
0xFFFFFF,VFLO2,250
0xFFFFFF,VFLO3,251
0x6D6E71,VFLO4,252
0xFFFFFF,VFLO5,253
0x6D6E71,VFLO6,254
0x000000,VFLO7,255
0x019A32,GreutherF3,256
0xFFFFFF,GreutherF4,257
0xFFFFFF,GreutherF5,258
0xFFFFFF,GreutherF6,259
0xFFFFFF,GreutherF7,260
0xE40613,GreutherF8,261
0x000000,HamburgerSV1,262
0x005A72,VfL2,263
0xFFFFFF,HamburgerSV2,264
0x005BAA,HamburgerSV3,265
0x005BAA,HamburgerSV4,266
0x005BAA,HamburgerSV5,267
0xFFFFFF,Hannover961,268
0x000000,Hannover962,269
0xFFFFFF,HolsteinK1,270
0x6B787E,Hannover964,271
0x6B787E,Hannover965,272
0x97CF2C,Hannover966,273
0xE01E26,JahnR1,274
0xE01E26,JahnR2,275
0xE01E26,JahnR3,276
0x000000,Karlsrusher1,277
0x06569A,KSCNew1,278
0xFFFFFF,Nurnberg1,279
0x000000,Nurnberg2,280
0x000000,Nurnberg3,281
0xF60538,Nurnberg4,282
0x000000,FANtastisch,283
0x7E1D47,AstonKappa,284
0x670E36,AstonAVFC,285
0x660036,AstonStore,286
0x670036,AstonOfficial,287
0x670E36,AstonPOTP,288
0x95BFE5,AstonShop,289
0x670E36,AstonFoundation,290
0x670E36,AstonSupport,291
0x160204,Nurnberg5,292
0xC20F2C,Nurnberg6,293
0x160204,Nurnberg7,294
0xFE0000,StPauli1,295
0xFFFFFF,StPauli2,296
0xFFFFFF,StPauli3,297
0xFFFFFF,StPauli4,298
0x199A48,StPauli5,299
0xFFFFFF,KSC2,300
0x007A01,KSC3,301
0xFFFFFF,StPauli6,302
0x0D163A,Wehen1,303
0xFFFFFF,StPauli7,304
0x960000,Wehen3,305
0xFFFFFF,Wehen4,306
0x2E5563,Paderborn1,307
0x01619D,Paderborn2,308
0x000000,StPauli8,309
0xFFFFFF,Darmstadt2,310
0x141F36,Darmstadt3,311
0x000000,Darmstadt4,312
0x000000,Stuttgard1,313
0x004E9E,Darmstadt6,314
0x000000,Stuttgard2,315
0x000000,FifaWC,316
0xFFFFFF,Retail,317
0xFFFFFF,SteelPhalt,318
0xF2EADF,SUFCDirect,319
0x811810,FollowSU,320
0x162159,FeWCCenter,321
0xED1B24,LaLiga2,322
0xFFFFFF,Holstein1,323
0x000000,Stuttgard3,324
0xC12129,Holstein3,325
0xFFFFFF,Holstein4,326
0x000000,Holstein5,327
0x000000,Holstein6,328
0xFFFFFF,Holstein7,329
0x000000,Holstein8,330
0x0D1843,CONMEBOL_Recopa,331
0x0156A6,Center_Sudamericana,332
0x000000,KELMEB,333
0xFFFFFF,KELMEW,334
0x000000,JuanFutbol,335
0xAE2028,FACup,336
0x792520,FASocial,337
0xFFFFFF,FAFinal,338
0x001E50,Leipzig1,339
0x5E5E5E,Leipzig2,340
0xFFFFFF,Leipzig3,341
0x8F001C,Stuttgard4,342
0xB00122,Stuttgard5,343
0x1E1E1E,Leipzig6,344
0xFFFFFF,Leipzig7,345
0xFFFFFF,Mainz1_1,346
0xFFFFFF,Mainz2_2,347
0xE21F27,Mainz3_3,348
0xED1C24,Mainz4_4,349
0xE21F27,Mainz5,350
0x263C81,Mainz6,351
0xFFFFFF,Mainz7,352
0x004B9C,Schalke1,353
0x000000,Schalke2,354
0xFFFFFF,Schalke3,355
0x040000,Werder1,356
0x354346,Werder2,357
0x0063A6,Werder3,358
0xFE0000,Werder4,359
0xAB1810,Werder5,360
0x000000,Werder6,361
0x00158C,Werder7,362
0xFFFFFF,VFLBochum1,363
0x000000,VFLBochum2,364
0xEE0000,VFLBochum3,365
0x013B69,VFLBochum4,366
0x003863,VFLBochum5,367
0x003D6C,VFLBochum6,368
0xFFFFFF,VFLBochum7,369
0xF47920,WehenW1,370
0x231F20,WehenW2,371
0xFFFFFF,WehenW4,372
0xF3F3F2,Sandhausen1,373
0xF3F3F3,Sandhausen2,374
0xF3F3F3,Sandhausen3,375
0xF3F3F3,Sandhausen4,376
0x000000,Sandhausen5,377
0x000000,Sandhausen6,378
0x00A651,Norwich_FollowUs,379
0xFFFFFF,Norwich_Kotkamills,380
0xFFF200,Norwich_Lotus,381
0x005F98,Norwich_TampaBay,382
0x151932,RealMadrid_NIVEA,383
0xF8BD49,DCT,384
0xD9152B,Tezo,385
0x826845,FOSUN,386
0x0055A5,CPFC_Brand,387
0x27386A,CPFC_Foundation,388
0xEC3127,CPFC_Palace-App,389
0xF32929,CPFC_Youtube,390
0x073532,CPFC_Roehampton,391
0x503291,Darmstadt_Merck,392
0x231F20,Darmstadt_PEAKnx,393
0xFFFFFF,Heidenheim_Hartmann,394
0x007A01,KSC_GEM,395
0x00995E,DFBPokal_Cup1,396
0x00995E,DFBPokal_Cup2,397
0x071E1E,DFBPokal_Motiv3,398
0x071E1E,DFBPokal_Motiv4,399
0x071E1E,DFBPokal_Motiv4_1,400
0x071E1E,DFBPokal_Motiv5,401
0xFFFFFF,VFLO_JOPA,402
0x231F20,VFLO_Wir-gemeinsam-jetzt,403
0x000000,FCStPauli_Congstar1,404
0x000000,FCStPauli_Congstar2,405
0xFFFFFF,FCStPauli_Congstar3,406
0x199A48,FCStPauli_GeloRevoice,407
0xFFFFFF,FCStPauli_LichtBlick,408
0x000000,FCStPauli_Panasonic,409
0xE2E2E2,FCStPauli_twitch,410
0xFFFFFF,FCStPauli_Weltverbesserer,411
0xD1D6DF,Wolfsburg_1VW,412
0x36308A,Wolfsburg_2Autostadt,413
0xFFFFFF,Wolfsburg_3Linglong,414
0xD9D5D3,Wolfsburg_5UPS,415
0x000000,Wolfsburg_6Esport,416
0x000000,Wolfsburg_7Shop,417
0x0087AE,RBL_1RedBullZERO,418
0xFFFFFF,RBL_3AEZ,419
0xFFFFFF,RBL_5APP,420
0xDD0741,RBL_7SHOP,421
0x000000,LaLiga_Rexona,422
0x000000,LaLiga_livescore,423
0x00524E,center_83,424
0x26A9E0,MLS_Bodyarmour,425
0x00AB99,PSG_deliveroo,426
0x000040,PSG_Hubside,427
0x1A1A1A,FUT_FE,428
0x000000,Inter,429
0x000000,Inter_BUU,430
0x000000,Inter_PPTV,431
0x000000,Inter_Suning,432
0x0F265C,Ligue1_regular,433
0xFFFFFF,Ligue1_UHLSport,434
0x00395E,Ligue1_TELEFOOT,435
0x040000,Ligue1_Canal,436
0xFFCC00,Ligue1_LaPoste,437
0x06C167,Ligue1_UberEats,438
0x5d2F8E,Ligue2_beINSPORTS,439
0x1d1d1b,Ligue2_BKT,440
0x091C3E,Ligue2_regular,441
0xFFFFFF,Wurzburger_BVUK,442
0xE41E26,Wurzburger_Flyeralarm,443
0x008AC9,Wurzburger_JAKO,444
0xFFFFFF,Wurzburger_Papst,445
0xE40616,Wurzburger_Shop,446
0xE40616,Wurzburger_Website,447
0x002E5D,AsiaContinentalCup,448
0xFFFFFF,Eintracht1_EinmalLowe,449
0xFFFFFF,Eintracht2_DeutscherMeister,450
0xFBBA00,Eintracht3_TraditionSeit,451
0xFFFFFF,Eintracht4_WirSindEintracht,452
0x000000,TropheeDesChampions,453
0xFFFFFF,Leeds,454
0xFFFFFF,WestBrom,455
0xFFFFFF,Fulham,456
0x12A7DF,Leeds_Astonish,457
0x2A2A28,Leeds_Clipper,458
0xFFFFFF,Leeds_Jd,459
0xE71F60,Leeds_Vitality,460
0x000000,Leeds_Ginetta,461
0x00A293,Leeds_Hisense,462
0x000000,FIFAe,463
0xCD1719,MGMotor,464
0x10F14,Aston_Gaming,465
0x660036,Aston_App,466
0x93BDE4,Aston_LionsClub,467
0x000006,Arminia_Web-White,468
0x000004,Arminia_Sportclub,469
0x000001,Arminia_Fanladen-B,470
0x000000,Arminia-Logo,471
0x000002,Arminia_Fanladen-W,472
0x000003,Arminia_Niemand,473
0x000005,Arminia_Web-Blue,474
0x1E3660,Bochum_URL,475
0x194188,BVB_1and1,476
0xF9FC17,BVB_Opel,477
0xFFFFFF,BVB_Tectake,478
0xFED900,BVB_United,479
0x003F51,Darmstadt_Entega,480
0x008884,Darmstadt_Loop5,481
0x000000,Eintracht_App,482
0x003399,Eintracht_BSEnergy,483
0x17345E,Eintracht_Hyundai,484
0xFFFFFF,Eintracht_Veolia,485
0x0F2C4E,Eintracht_Wirsind,486
0x1652FF,Elgato,487
0x1652FF,FCStPauli_Elgato,488
0x2B2A25,FCStPauli_Booster,489
0xFFFFFF,FCStPauli_DIIY,490
0xFFFFFF,FCStPauli_Fritzkola,491
0x301451,Erzgebirge_Kump,492
0xFE0000,Erzgebirge_sparkasse,493
0x000000,FCA_esports,494
0x43AD33,FCA_Grunbeck,495
0xFFFFFF,FCA_Shop,496
0x4F7381,Leverkusen_Finanzamt,497
0x2A3A6E,Leverkusen_beCordial,498
0x141011,Fortuna_11TS,499
0xEB1E25,Fortuna_95,500
0xFF5700,Fortuna_Xiaomi,501
0xFFFFFF,Greuther_Bruder,502
0x000000,Greuther_Onlineprinters,503
0xFFFFFF,Greuther_Wild,504
0xE20674,Hamburger_Telekom,505
0xFF9900,Hannover_Continental,506
0x1F2D82,FCH_MHP,507
0x383C3F,Hertha_Edeka,508
0x1C3553,Hertha_Homeday,509
0xE7E7E7,Hertha_URL,510
0x000000,Nike_football,511
0xFFFFFF,Jahn_Pindl,512
0xE01E26,Jahn_TV,513
0xE5017D,Mainz_Koblenz,514
0x003F4F,Mainz_Entega,515
0xE40422,Mainz_Mewa,516
0xFFFFFF,Nurnberg_Bisping,517
0x093E52,Nurnberg_Exasol,518
0xFFFFFF,Nurnberg_Sparkasse,519
0x170205,Nurnberg_Twitter,520
0xFFFFFF,Nurnberg_Unserclub,521
0x191919,Paderborn_esports,522
0xFFFFFF,Paderborn_Golf,523
0x231F20,Paderborn_Mit,524
0x191919,Paderborn_Unilab,525
0x231F20,Paderborn_Wir,526
0xDD0842,RBLZ_Gaming,527
0xFCFCFC,RBL_URL,528
0x001E50,RBL_Volkswagen,529
0xEAEAEA,RBL_YCDA,530
0xFFFFFF,Sandhausen_Finanzhaus,531
0xFFFFFF,Sandhausen_Layenberger,532
0x20343D,Sandhausen_Leicht,533
0xCD071E,Sandhausen_Rewe,534
0xC30126,Stuttgart_Furchtlos,535
0x000000,Stuttgart_Mercedes,536
0x244740,Stuttgart_Metabo,537
0x01B5D3,Werder_Collonill,538
0x1C7648,Werder_Shop,539
0x000000,Werder_Umbro,540
0x000000,Wolfsburg_Campus,541
0xFFFFFF,Wolfsburg_Stolting,542
0xFFFFFF,Freiburg_BGV,543
0xFFFFFF,Freiburg_Hilzinger,544
0x150F11,Freiburg_Teamsports,545
0xFFFFFF,Hoffenheim_Prezero,546
0x31529C,Hoffenheim_SNP,547
0xFFFFFF,Hoffenheim_Twitch,548
0xFFFFFF,Hoffenheim_esports,549
0xB12711,AScom,550
0xFFC939,Lance,551
0xEB1D47,Netherlands3,552
0x000000,Macron,553
0xFFFFFF,KSC_BGV,554
0x447882,KSC_EGO,555
0xFFFFFF,KSC_EnBW,556
0x304A8D,KSC_Fanshop,557
0xB0332C,Koln_Rewe,558
0xE20674,Koln_Telekom,559
0x271E1F,Koln_UPS,560
0xFFFFFF,Koln_DBS,561
0x000000,Koln_Grillfurst,562
0x000000,Dresden_INKL,563
0x050707,Umbro_DE,564
0x76AD48,Dresden_AOK,565
0xDB3318,Dresden_Sparkasse,566
0x370703,Dresden_TAG,567
0x000000,BolaVIP,568
0x000000,center_226,569
0xFFFFFF,CONMEBOL_Bridgestone,570
0x004681,Libertadores_Ford,571
0x001ba9,Sudamericana_PayRetailers,572
0x602344,Burnley_Scout,573
0xFFFFFF,Burnley_Barnfield,574
0x541E3B,Burnley_Website,575
0x491939,Burnley_Clarets,576
0x000000,Burnley_HRP,577
0x602344,Burnley_Twitch,578
0x01A9CE,Leeds_TransUnion,579
0xC32B71,Borussia_Telekom,580
0x161616,Borussia_eSports,581
0x151515,Borussia_Follow,582
0x314D99,Borussia_Sonepar,583
0xFFFFFF,Borussia_Santander,584
0xFFFFFF,Hansa_Apex,585
0xC13930,Hansa_Kurzurlaub,586
0xFFFFFF,Hansa_Konsum,587
0xF6E84B,Hansa_Getrankeland,588
0xFFFFFF,Hansa_Sparkasse,589
0x4A658F,Hansa_SoftClean,590
0x000000,Hansa_Nike,591
0x4573BB,Hansa_Rostock,592
0xDB3321,Ingolstadt_FCI04,593
0x000000,Ingolstadt_Schanzer,594
0xFFFFFF,Ingolstadt_Geber,595
0xDB3321,Ingolstadt_Website,596
0x000000,Ingolstadt_eSports,597
0xFFFFFF,Ingolstadt_Audi,598
0xFFFFFF,Ingolstadt_Prosis,599
0x000000,Ingolstadt_Puma,600
0x501E96,Union_Wefox,601
0xFFFFFF,Union_Ruder,602
0xFFFFFF,Union_Total,603
0xFFFFFF,Union_Gustav,604
0xFFFFFF,Union_4Talent,605
0xBD3535,Union_Elten,606
0xFFFFFF,Watford_KelmeW,607
0x010000,Watford_Website,608
0x010000,Watford_KelmeB,609
0xF0CF43,LCFC_DHL,610
0xFFFFFF,LCFC_University,611
0x24386F,LCFC_Landsail,612
0xC9375E,LCFC_Vitality,613
0xFFFFFF,FCPorto_Name,614
0xFFFFFF,FCPorto_Social,615
0xED1B24,Benfica_Website,616
0xFFFFFF,Benfica_Social,617
0xED1B24,Benfica_App,618
0x000000,Benfica_NOS,619
0x000000,RealMadrid_Audi,620
0x59257C,Brentford_Utilita,621
0xB12B1C,Brentford_COYB,622
0x202F52,Brentford_Dormeo,623
0xAD2B1D,Brentford_Beetogether,624
0xAD2B1D,Brentford_OutTime,625
0xFFFFFF,Brentford_Safety,626
0x32539F,Brentford_UWL,627
0x353A40,Brentford_Pensionbee,628
0x4260F2,ManCity_Tecno_Static,629
0xFFFFFF,Norwich_Boswell,630
0xF9F34F,Norwich_Lotus,631
0x000000,Norwich_Regency,632
0x223D5B,Norwich_Fosters,633
0x000000,Norwich_Bidstack,634
0x000000,LaLiga_Microsoft,635
0x000000,Inter_Milano,636
0x233C75,BMW,637
0xFFFFFF,Milan_respACT,638
0x32596E,PSG_VisitQatar,639
0x121B3C,center_451,640
0x000000,Newcastle_Castore,641
0x000000,Newcastle_BNS,642
0x000000,Newcastle_Welcome,643
0x000000,Newcastle_UAO,644
0x000000,Newcastle_TV,645
0x000000,Newcastle_Future,646
0xFFFFFF,Schalke_Stolting,647
0xFFFFFF,Schalke_Harfid,648
0x3C64AE,Schalke_Bank,649
0x000000,Schalke_Hulsta,650
0xFFFFFF,Schalke_Polygon,651
0x902D26,Werder_Zillertal,652
0xEBBC41,Wolves_Social,653
0x161616,Wolves_App,654
0x00B844,Ligue1_Hollywood,655
0xFFFFFF,Ligue1_Amazon,656
0x0B1E40,Ligue1Barrages,657
0xFBE802,BVB_Fanshop,658
0x1F3462,Leeds_Boost,659
0x0F3F48,CONMEBOL_Rexona,660
0xFFCB00,CONMEBOL_DHL,661
0x000000,Koln_Stahlwerk,662
0xFE0000,Koln_Sparkasse,663
0x000000,Koln_ASUS,664
0x000000,Union_ComedyCen,665
0xFFFFFF,Union_Konsum,666
0xFFFFFF,Union_WGSystems,667
0xB6CAD5,Leverkusen_Canesten,668
0xFFFFFF,Leverkusen_Accure,669
0xEE312E,Leverkusen_eSports,670
0xEC671A,BVB_Loreal,671
0xFFFFFF,Borussia_DieFohlen,672
0xFFFFFF,Borussia_Rassimus,673
0xE40613,Augsburg_Segmuller,674
0xEF4138,Augsburg_Hama,675
0xBED3C4,Freiburg_Cazoo,676
0x101010,Hertha_Backforce,677
0xF37224,Hertha_Autohero,678
0x00386C,Hoffenheim_Lidl,679
0xFDFEFF,Hoffenheim_Union,680
0xFFFFFF,Hoffenheim_Volksbank,681
0xABC2BB,Mainz_CBS,682
0xFFFFFF,Mainz_TST,683
0x24283E,RBL_AEZ,684
0x000000,RBL_Veganz,685
0xFFFFFF,RBL_App,686
0x008AC9,Stuttgart_Jako,687
0xFFFFFF,Stuttgart_EgeTrans,688
0xFFFFFF,Stuttgart_SWR,689
0x814922,Stuttgart_Brainhouse,690
0x003986,VFL_Mizuno,691
0x666B6E,VFL_Hotel,692
0x013B69,VFL_TV,693
0xD5B076,Schalke_Vivawest,694
0x000000,Schalke_Adidas,695
0x000000,Schalke_GGM,696
0xFFFFFF,Schalek_RV,697
0x000000,Nurnberg_Fanshop,698
0xFFFFFF,Hamburger_Buxtrade,699
0xFFFFFF,HamburgerS_MietdeinAuto,700
0x005BAA,Hamburger_YoungOnes,701
0x8463CC,Hannover_Brainhouse,702
0x0085B0,Hannover_Xylem,703
0x18283C,Holstein_DIERCK,704
0xFFDE00,Sandhausen_1337,705
0xFFFFFF,Sandhausen_Volksbank,706
0x72987E,Sandhausen_Achat,707
0xFFFFFF,Paderborn_Fujitsu,708
0xFFFFFF,Paderborn_Bremer,709
0x0E2234,Paderborn_HomeDeluxe,710
0x1065AF,KSC_Bank,711
0xC00A27,FCStPauli_Levis,712
0x7BA0C4,FCStPauli_FollowFood,713
0x0060AA,Magdeburg_Einmallmmer,714
0x006AB6,Magdeburg_KidsClub,715
0xFFFFFF,Magdeburg_App,716
0x0060AA,Magdeburg_Mitglied,717
0x000000,Magdeburg_Jobs,718
0xFFFFFF,Magdeburg_Wobau,719
0x01CDD8,Magdeburg_SWM,720
0x154F75,Magdeburg_Humanas,721
0x000000,FIFASound,722
0x283B80,Eintracht_Borse,723
0x1D1D1B,Eintracht_Mainpay,724
0x000000,Wolfsburg_Morgen,725
0xCCD858,Werder_Brainhouse,726
0xFFFFFF,Werder_Hansa,727
0xFFFFFF,Werder_GreenLegend,728
0x003399,Braunschweig_BSEnergy,729
0x000000,Braunschweig_NewYorker,730
0xEF383E,Jahn_Wolf,731
0x153D8A,Greuther_Franken,732
0x000000,Aston_Castore,733
0x000000,BolaVIP_Bra,734
0x000000,90Min,735
0xFFFFFF,Leverkusen_Scalpers,736
0x000000,Newcastle_Foundation,737
0x1A1659,SerieA_League,738
0x0033A1,SerieA_TIM,739
0xCD1627,SerieA_Frecciarossa,740
0xFFEB00,SerieA_Panini,741
0x000000,SerieA_beIT,742
0x000000,Italy_Macron,743
0xFFFFFF,Cremonese_Iltainox,744
0xFFFFFF,Cremonese_Arinox,745
0xFFFFFF,Cremonese_Acciaieria,746
0xFFFFFF,Cremonese_Arvedi,747
0xFFF200,Cremonese_Acerbis,748
0x000000,Juventus_Jeep,749
0xFFFFFF,Udinese_Dacia,750
0xFF0099,Udinese_Bluenergy,751
0xBFD2C4,Bologna_Cazoo,752
0x322E54,Bologna_Store,753
0x002656,Hellas_eSports,754
0x1A418D,Fiorentina_Mediacom,755
0x5A358C,Fiorentina_Kappa,756
0x59318C,Fiorentina_Name,757
0x086FB7,Sassuolo_Mapei,758
0x06A06,Sassuolo_Generazione,759
0x1D1D1B,Sassuolo_Puma,760
0x000000,Sassuolo_Store,761
0x172E3D,Sassuolo_MGS,762
0x671907,Salernitana_Zeus,763
0x671907,Salernitana_MacteAnimo,764
0x671907,Salernitana_Name,765
0x671907,Salernitana_FinoAlla,766
0xFFFFFF,Spezia_Disretti,767
0xFFFFFF,Spezia_Recrowd,768
0x000000,Spezia_App,769
0xE3E3E3,Ligue1_Kipsta,770
0x345484,WSL_League,771
0x2BAAE2,WSL_Barclays,772
0x345484,WSL_Social,773
0x53BF9D,D1F_Arkema_1,774
0x292B5E,D1F_Arkema_2,775
0xFFFFFF,D1F_Arkema_3,776
0x191919,Hansa_28BlackZero,777
0xFFFFFF,Hansa_Autowelt,778
0xFFFFFF,Hansa_Camion,779
0x151527,Netherlands4,780
0xB93228,Milan_Emirates,781
0x000000,Milan_Puma,782
0xFFFFFF,Milan_Wefox,783
0xE3E3E3,Ligue2_Kipsta,784
0xFFFFFF,Sandhausen_Golz,785
0x1D125D,center_211,786
0xFFFFFF,QatarEnergy,787
0x053c66,FCPorto_Website,788
0x053c67,FCPorto_Club,789
0x000000,PSG_GOAT,790
0xFFFFFF,center_2218,791
0x000000,Spain-ePower,792
0xFFFFFF,Sampdoria_IBSA,793
0xFFFFFF,Sampdoria_Point,794
0x1D3660,Lecce_Club,795
0xFFFFFF,Empoli_SaintGobain,796
0x085696,Empoli_Contrador,797
0x0772AA,Empoli_Pediatricia,798
0xB1E46,Empoli_Kappa,799
0xB1E46,Empoli_ComputerGross,800
0xEB0023,Forest_TVRed,801
0xFFFFFF,Forest_Social,802
0xEB0023,Forest_Follow,803
0xFFFFFF,Forest_Shop,804
0xEB0023,Forest_Tiktok,805
0xFFFFFF,Forest_TVWhite,806
0xEB0023,Forest_Megastore,807
0x000000,Hertha_HWP,808
0xFFFFFF,Torino_Suzuki,809
0xFFFFFF,Torino_Joma,810
0xFFE700,Torino_Edilizi,811
0xED265F,Bournemouth_Vitality,812
0xDD1E25,Bournemouth_AFCBcouk,813
0x030708,Bournemouth_AFCBtv,814
0xDD1E25,Bournemouth_Community,815
0x000002,Bournemouth_Together,816
0xDD1E25,Bournemouth_JuniorCherries,817
0xDD1E25,Bournemouth_Superstore,818
0xFFFFFF,Bournemouth_MSP,819
0xFFFFFF,DFB_Targobank,820
0xFFFFFF,DFB_Vielfalt,821
0xFFFFFF,DFB_ERGO,822
0xFFFFFF,center_56,823
0xFFFFFF,Kaiserslautern_Crest,824
0xFFFFFF,RM_BMW,825
0xFFFFFF,RM_Hankook,826
0xe4042f,Monza_Motorola,827
0x004dce,Brentford_BlueJeans,828
0x95d700,Brentford_Gtech,829
0x0055A5,CPFC_Memberships,830
0x109ed9,CPFC_Utilita,831
0xFF5757,Austria_1,832
0xFFFFFF,Austria_2,833
0xFFFFFF,Austria_3,834
0xFFFFFF,Austria_4,835
0x00347A,Wolves_RoyalCaribbean,836
0x222222,Wolves_Memberships1,837
0xFBB800,Wolves_Foundation1,838
0x531b8a,ManU_DXC,839
0x8b2137,center_1990,840
0x8b2137,center_1991,841
0x334FE0,Vivo_WC,842
0x00AAA6,Hisense_WC,843
0xDC0109,McDonalds_WC,844
0x000000,Kia_WC,845
0x002C5F,Hyundai_WC,846
0x404040,RSL_1,847
0x404040,RSL_2,848
0x404040,RSL_3,849
0x103174,RSL_4,850
0x1D3362,NWSL_League,851
0xEB1000,Adobe_NWSL,852
0x0D3B84,euronics,853
0x000006,Hublot,854
0x141450,WePlayStrong,855
0x001944,center_227,856
0x21232B,Globant_WC23,857
0xFF6414,center_2140,858
0x151616,FCYearAgnostic,859
0x000000,Koln_Xperion,860
0xC80000,Koln_Socials,861
0x0064FF,Union_Paramount,862
0xEB1923,Union_Eisern,863
0xFED900,BVB_Allgemein,864
0xFFFFFF,Borussia_Absolute,865
0x001C40,Eintracht_Indeed,866
0x272D2E,Eintracht_DWS,867
0x812990,Eintracht_Nexen,868
0x1D1D1B,Eintracht_bo1,869
0x080808,Augsburg_Mizuno,870
0x000000,FCA_Homepage,871
0xB0E572,Freiburg_Jobrad,872
0x000000,Freiburg_Lexware,873
0x13D7FE,Hertha_Tiktok,874
0x000000,Hertha_Agon,875
0xFFFFFF,RBL_BullisBande,876
0xFFFFFF,RBL_YCDA,877
0xFFFFFF,RBL_BullisBandeApp,878
0x00366F,Schalke_S04,879
0xFFFFFF,Werder_Matthai,880
0x017743,Werder_Club,881
0xFFFFFF,Werder_Jacobi,882
0x533430,Bologna_Selenella,883
0xFFFFFF,Bologna_Lavoropiu,884
0xC32B35,Bologna_StoreRed,885
0x007A60,Frosinone_Banca,886
0x081239,Frosinone_Zeus,887
0x000000,Juventus_name,888
0xE50730,Monza_Club,889
0xFDC543,Udinese_PrestiPay,890
0xFFFFFF,Udinese_Dinamica,891
0xFFFFFF,Udinese_eSports,892
0x000000,Wolves_Records,893
0xFFFFFF,center_2215,894
0xDB151C,FCH_Tiktok,895
0xDB151C,FCH_Twitter,896
0xED3232,Kaiserslautern_Shop,897
0xFFFFFF,Kaiserslautern_Allgauer,898
0x000000,Kaiserslautern_Teamsport,899
0x0062AC,Braunschweig_WIS,900
0xFFFFFF,Braunschweig_Kosatec,901
0xFFFFFF,Braunschweig_EIV,902
0x000000,FCStPauli_Socials,903
0x000000,FCSP_Shop,904
0x000000,FCStPauli_Twitch,905
0x672782,Hannover_IAA,906
0xFFFFFF,Hannover_List,907
0xFFFFFF,KSC_Phironix,908
0x3A6378,KSC_Grenke,909
0x434140,KSC_Edeka,910
0xE5E5E5,Furth_Website,911
0xE4E4E4,Furth_Shop,912
0xFFFFFF,Furth_Sivantos,913
0xE5E5E5,Furth_Social,914
0x1C1C1C,Wolfsburg_28Black,915
0x000000,Hansa_Mizuno,916
0xFFFFFF,Hansa_Apex,917
0xFFFFFF,Hansa_Autowelt,918
0xFFFFFF,Aston_WomenSocial,919
0x93BDE4,Aston_Tickets,920
0xE5E5E5,ManU_Direct,921
0xDA0017,Tottenham_HSBC,922
0xFFFFFF,frauen_dieliga,923
0xFFFFFF,frauen_finde,924
0xFFFFFF,frauen_fussball_die,925
0xFFFFFF,frauen_kleinere_tore,926
0xFFFFFF,frauen_schnapp,927
0xFFFFFF,frauen_tickets,928
0x6B4ABF,Bristol_Huboo,929
0x05A7E1,Bristol_DNRG,930
0x000000,Bristol_ONeills,931
0xFFFFFF,Leverkusen_ODYS,932
0x00A18C,Leverkusen_Aspirin,933
0xFFFFFF,Leverkusen_Datewash,934
0xFFFFFF,Hoffenheim_Slogan,935
0xFFFFFF,Paderborn_KFK,936
0x191919,Paderborn_Social,937
0x1B1E21,Paderborn_Pfauenstadt,938
0xAB0022,Stuttgart_Shop,939
0x191919,Stuttgart_Trickkiste,940
0xE5E5E5,Stuttgart_Fairplay,941
0xFFFFFF,Stuttgart_Akademie,942
0x000000,Magdeburg_Hummel,943
0xE6E6E6,Magdeburg_Karlowsky,944
0xFFFFFF,Osnabruck_Fanshop,945
0xFFFFFF,Osnabruck_Bremer,946
0xFFFFFF,Osnabruck_BTYH,947
0xFFFFFF,Osnabruck_Domain,948
0x272227,Osnabruck_SOTech,949
0xFAFCFD,Osnabruck_Jopa,950
0xFFFFFF,Osnabruck_1899,951
0xFFFFFF,Osnabruck_TV,952
0x3B9FB2,Elversberg_Hylo,953
0xFFFFFF,Elversberg_Flyeralarm,954
0x34258E,Elversberg_PureSteel,955
0x060606,Elversberg_DieElv,956
0x00569C,Wehen_Brita,957
0x000000,Wehen_Capelli,958
0xFFFFFF,Wehen_ESWE,959
0x537775,Wehen_Lauer,960
0x78C7CA,Wehen_QuickPaid,961
0x2F1BE7,Wehen_Adapteo,962
0x000000,Wehen_VomHalberg,963
0x000000,Wehen_26erClub,964
0x000000,Wolves_Astropay,965
0xFFFFFF,CPFC_Cinch,966
0xED3227,CPFC_TV,967
0x8F2138,WestHam_Retail,968
0x2A2F7D,WestHam_ZOSkin,969
0x000000,WestHam_Supplement,970
0x031D44,WestHam_Solicitors,971
0x1D125E,SerieA_MiI,972
0x1A1A17,SerieA_Puma,973
0x000000,Genoa_Kappa,974
0x00263D,Genoa_Club,975
0x00263D,Genoa_Social,976
0x00263D,Genoa_Store,977
0xFFFFFF,Genoa_LeasePlan,978
0x016CE3,SerieA_Fantacalcio,979
0xFFFFFF,Fiorentina_ESTRA,980
0xFFFFFF,Hellas_Joma,981
0xFFFFFF,Hellas_Sinergy,982
0xFFFFFF,Hellas_Vetrocar,983
0xFFFFFF,Hellas_Bakeca,984
0x7B1C20,Torino_Club,985
0xFADD17,Torino_JDSports,986
0xFFFFFF,Ligue1_Oris,987
0x000000,International_Cup_990,988
0xE68C00,Ajax_Ziggo,989
0x191919,Ajax_JBL,990
0xED1C24,Ajax_MediaMarkt,991
0x191919,Ajax_Tours,992
0x191919,Ajax_eSports,993
0xFFFFFF,FCPorto_Imortais,994
0xFFFFFF,FCPorto_Shop,995
0xED1B24,Benfica_Teleperformance,996
0xFFFFFF,HSV_HanseMerkur,997
0xFFB600,HSV_Reyher,998
0xFFFFFF,HSV_Hareico,999
0xFFFFFF,HSV_SpardaBank,1000
0x144B8B,HSV_Advergy,1001
0x7B0000,Brentford_HOWL,1002
0xFFFFFF,Luton_Utilita,1003
0xFFFFFF,Luton_Switchshop,1004
0xFFFFFF,Luton_TengTools,1005
0xFFFFFF,Luton_Toureen,1006
0xFFFFFF,Luton_StarPlatforms,1007
0xFFFFFF,Luton_Ryebrdge,1008
0xFFFFFF,Luton_MuscleSqad,1009
0xFF9C00,ManCity_Joie,1010
0x671907,Salernitana_Avanti,1011
0xFFFFFF,Cagliari_Isola,1012
0xAF3734,Cagliari_Fondazione,1013
0xFFFFFF,Cagliari_SanGiorgio,1014
0x222220,Cagliari_Pascucci,1015
0x79207B,Cagliari_Tirso,1016
0x12377E,center_2222,1017
0x0033A0,LigaF_SolanCabras,1018
0xFFFFFF,LigaF_Panini,1019
0xFFFFFF,LigaF_GSK,1020
0x009E00,Netherland5,1021
0x1D1D1D,Burnley_Vertu,1022
0xFF8800,Burnley_Emma,1023
0xDA414B,center_2216,1024
0xEB4D4A,center_53,1025
0x44BDC8,center_54,1026
0x1D2139,RM_Nivea,1027
0x2F3A80,RM_Abbott,1028
0x0033A0,Solan,1029
0x8564CD,Werder_nobeta,1030
0xFFFFFF,frauen_GooglePixel,1031
0xE40613,SheffU_Club,1032
0x000000,Errea,1033
0xF4F4F4,SheffU_Socials,1034
0x4D2772,Yelo,1035
0xE40613,SheffU_Shop,1036
0xFFFFFF,Torino_Berretta,1037
0x000000,FUT_NewSponsor4,1038
0x000000,FUT_NewSponsor5,1039
0x000000,LaLiga_Nissan,1040
0x1F614C,Union_Elaris,1041
0xFFFFFF,MHPArena,1042
0x0F2145,RM_Madridistas,1043
0x0C2741,NWSL_Carmax,1044
0xFFFFFF,RM_HP,1045
